Ticker,Market,Ticker_name
095570,KOSPI,AJ네트웍스
006840,KOSPI,AK홀딩스
027410,KOSPI,BGF
282330,KOSPI,BGF리테일
138930,KOSPI,BNK금융지주
001460,KOSPI,BYC
001465,KOSPI,BYC우
001040,KOSPI,CJ
079160,KOSPI,CJ CGV
00104K,KOSPI,CJ4우(전환)
000120,KOSPI,CJ대한통운
011150,KOSPI,CJ씨푸드
011155,KOSPI,CJ씨푸드1우
001045,KOSPI,CJ우
097950,KOSPI,CJ제일제당
097955,KOSPI,CJ제일제당 우
000480,KOSPI,CR홀딩스
000590,KOSPI,CS홀딩스
012030,KOSPI,DB
016610,KOSPI,DB금융투자
005830,KOSPI,DB손해보험
000990,KOSPI,DB하이텍
139130,KOSPI,DGB금융지주
001530,KOSPI,DI동일
000210,KOSPI,DL
000215,KOSPI,DL우
375500,KOSPI,DL이앤씨
37550L,KOSPI,DL이앤씨2우(전환)
37550K,KOSPI,DL이앤씨우
007340,KOSPI,DN오토모티브
004840,KOSPI,DRB동일
155660,KOSPI,DSR
069730,KOSPI,DSR제강
017860,KOSPI,DS단석
017940,KOSPI,E1
365550,KOSPI,ESR켄달스퀘어리츠
383220,KOSPI,F&F
007700,KOSPI,F&F홀딩스
114090,KOSPI,GKL
078930,KOSPI,GS
006360,KOSPI,GS건설
001250,KOSPI,GS글로벌
007070,KOSPI,GS리테일
078935,KOSPI,GS우
012630,KOSPI,HDC
039570,KOSPI,HDC랩스
089470,KOSPI,HDC현대EP
294870,KOSPI,HDC현대산업개발
009540,KOSPI,HD한국조선해양
267250,KOSPI,HD현대
267270,KOSPI,HD현대건설기계
443060,KOSPI,HD현대마린솔루션
071970,KOSPI,HD현대마린엔진
010620,KOSPI,HD현대미포
322000,KOSPI,HD현대에너지솔루션
042670,KOSPI,HD현대인프라코어
267260,KOSPI,HD현대일렉트릭
329180,KOSPI,HD현대중공업
097230,KOSPI,HJ중공업
014790,KOSPI,HL D&I
003580,KOSPI,HLB글로벌
204320,KOSPI,HL만도
060980,KOSPI,HL홀딩스
011200,KOSPI,HMM
035000,KOSPI,HS애드
002460,KOSPI,HS화성
487570,KOSPI,HS효성
298050,KOSPI,HS효성첨단소재
003560,KOSPI,IHQ
175330,KOSPI,JB금융지주
234080,KOSPI,JW생명과학
001060,KOSPI,JW중외제약
001067,KOSPI,JW중외제약2우B
001065,KOSPI,JW중외제약우
096760,KOSPI,JW홀딩스
105560,KOSPI,KB금융
432320,KOSPI,KB스타리츠
002380,KOSPI,KCC
344820,KOSPI,KCC글라스
009070,KOSPI,KCTC
009440,KOSPI,KC그린홀딩스
119650,KOSPI,KC코트렐
092220,KOSPI,KEC
003620,KOSPI,KG모빌리티
016380,KOSPI,KG스틸
001390,KOSPI,KG케미칼
033180,KOSPI,KH 필룩스
015590,KOSPI,KIB플러그에너지
001940,KOSPI,KISCO홀딩스
025000,KOSPI,KPX케미칼
092230,KOSPI,KPX홀딩스
000040,KOSPI,KR모터스
044450,KOSPI,KSS해운
030200,KOSPI,KT
033780,KOSPI,KT&G
058850,KOSPI,KTcs
058860,KOSPI,KTis
093050,KOSPI,LF
003550,KOSPI,LG
034220,KOSPI,LG디스플레이
051900,KOSPI,LG생활건강
051905,KOSPI,LG생활건강우
373220,KOSPI,LG에너지솔루션
003555,KOSPI,LG우
032640,KOSPI,LG유플러스
011070,KOSPI,LG이노텍
066570,KOSPI,LG전자
066575,KOSPI,LG전자우
037560,KOSPI,LG헬로비전
051910,KOSPI,LG화학
051915,KOSPI,LG화학우
079550,KOSPI,LIG넥스원
006260,KOSPI,LS
010120,KOSPI,LS ELECTRIC
000680,KOSPI,LS네트웍스
229640,KOSPI,LS에코에너지
108320,KOSPI,LX세미콘
001120,KOSPI,LX인터내셔널
108670,KOSPI,LX하우시스
108675,KOSPI,LX하우시스우
383800,KOSPI,LX홀딩스
38380K,KOSPI,LX홀딩스1우
023150,KOSPI,MH에탄올
035420,KOSPI,NAVER
181710,KOSPI,NHN
400760,KOSPI,NH올원리츠
005940,KOSPI,NH투자증권
005945,KOSPI,NH투자증권우
338100,KOSPI,NH프라임리츠
034310,KOSPI,NICE
030190,KOSPI,NICE평가정보
008260,KOSPI,NI스틸
004250,KOSPI,NPC
004255,KOSPI,NPC우
456040,KOSPI,OCI
010060,KOSPI,OCI홀딩스
178920,KOSPI,PI첨단소재
005490,KOSPI,POSCO홀딩스
010950,KOSPI,S-Oil
010955,KOSPI,S-Oil우
034120,KOSPI,SBS
005090,KOSPI,SGC에너지
001380,KOSPI,SG글로벌
004060,KOSPI,SG세계물산
001770,KOSPI,SHD
002360,KOSPI,SH에너지화학
009160,KOSPI,SIMPAC
033530,KOSPI,SJG세종
123700,KOSPI,SJM
025530,KOSPI,SJM홀딩스
034730,KOSPI,SK
011790,KOSPI,SKC
018670,KOSPI,SK가스
001740,KOSPI,SK네트웍스
006120,KOSPI,SK디스커버리
006125,KOSPI,SK디스커버리우
210980,KOSPI,SK디앤디
395400,KOSPI,SK리츠
302440,KOSPI,SK바이오사이언스
326030,KOSPI,SK바이오팜
402340,KOSPI,SK스퀘어
361610,KOSPI,SK아이이테크놀로지
100090,KOSPI,SK오션플랜트
03473K,KOSPI,SK우
096770,KOSPI,SK이노베이션
096775,KOSPI,SK이노베이션우
475150,KOSPI,SK이터닉스
001510,KOSPI,SK증권
001515,KOSPI,SK증권우
285130,KOSPI,SK케미칼
28513K,KOSPI,SK케미칼우
017670,KOSPI,SK텔레콤
000660,KOSPI,SK하이닉스
003570,KOSPI,SNT다이내믹스
064960,KOSPI,SNT모티브
100840,KOSPI,SNT에너지
036530,KOSPI,SNT홀딩스
005610,KOSPI,SPC삼립
011810,KOSPI,STX
465770,KOSPI,STX그린로지스
077970,KOSPI,STX엔진
002820,KOSPI,SUN&L
084870,KOSPI,TBH글로벌
002710,KOSPI,TCC스틸
069260,KOSPI,TKG휴켐스
007980,KOSPI,TP
002900,KOSPI,TYM
024070,KOSPI,WISCOM
037270,KOSPI,YG PLUS
000500,KOSPI,가온전선
000860,KOSPI,강남제비스코
035250,KOSPI,강원랜드
011420,KOSPI,갤럭시아에스엠
002100,KOSPI,경농
009450,KOSPI,경동나비엔
267290,KOSPI,경동도시가스
012320,KOSPI,경동인베스트
000050,KOSPI,경방
214390,KOSPI,경보제약
012610,KOSPI,경인양행
009140,KOSPI,경인전자
013580,KOSPI,계룡건설
012200,KOSPI,계양전기
012205,KOSPI,계양전기우
002140,KOSPI,고려산업
010130,KOSPI,고려아연
002240,KOSPI,고려제강
009290,KOSPI,광동제약
017040,KOSPI,광명전기
017900,KOSPI,광전자
037710,KOSPI,광주신세계
030610,KOSPI,교보증권
339770,KOSPI,교촌에프앤비
007690,KOSPI,국도화학
005320,KOSPI,온타이드
001140,KOSPI,국보
002720,KOSPI,국제약품
083420,KOSPI,그린케미칼
014530,KOSPI,극동유화
014280,KOSPI,금강공업
014285,KOSPI,금강공업우
008870,KOSPI,금비
001570,KOSPI,금양
002990,KOSPI,금호건설
002995,KOSPI,금호건설우
011780,KOSPI,금호석유
011785,KOSPI,금호석유우
214330,KOSPI,금호에이치티
001210,KOSPI,금호전기
073240,KOSPI,금호타이어
092440,KOSPI,기신정기
000270,KOSPI,기아
024110,KOSPI,기업은행
013700,KOSPI,까뮤이앤씨
004540,KOSPI,깨끗한나라
004545,KOSPI,깨끗한나라우
001260,KOSPI,남광토건
008350,KOSPI,남선알미늄
008355,KOSPI,남선알미우
004270,KOSPI,남성
003920,KOSPI,남양유업
003925,KOSPI,남양유업우
025860,KOSPI,남해화학
005720,KOSPI,넥센
005725,KOSPI,넥센우
002350,KOSPI,넥센타이어
002355,KOSPI,넥센타이어1우B
092790,KOSPI,넥스틸
251270,KOSPI,넷마블
090350,KOSPI,노루페인트
090355,KOSPI,노루페인트우
000320,KOSPI,노루홀딩스
000325,KOSPI,노루홀딩스우
006280,KOSPI,녹십자
005250,KOSPI,녹십자홀딩스
005257,KOSPI,녹십자홀딩스2우
004370,KOSPI,농심
072710,KOSPI,농심홀딩스
058730,KOSPI,다스코
030210,KOSPI,다올투자증권
023590,KOSPI,다우기술
145210,KOSPI,다이나믹디자인
019680,KOSPI,대교
019685,KOSPI,대교우B
006370,KOSPI,대구백화점
008060,KOSPI,대덕
00806K,KOSPI,대덕1우
353200,KOSPI,대덕전자
35320K,KOSPI,대덕전자1우
000490,KOSPI,대동
008110,KOSPI,대동전자
005750,KOSPI,대림B&Co
006570,KOSPI,대림통상
001680,KOSPI,대상
001685,KOSPI,대상우
084690,KOSPI,대상홀딩스
084695,KOSPI,대상홀딩스우
128820,KOSPI,대성산업
117580,KOSPI,대성에너지
016710,KOSPI,대성홀딩스
003540,KOSPI,대신증권
003547,KOSPI,대신증권2우B
003545,KOSPI,대신증권우
009190,KOSPI,대양금속
014160,KOSPI,대영포장
047040,KOSPI,대우건설
009320,KOSPI,아진전자부품
003090,KOSPI,대웅
069620,KOSPI,대웅제약
000430,KOSPI,대원강업
006340,KOSPI,대원전선
006345,KOSPI,대원전선우
003220,KOSPI,대원제약
024890,KOSPI,대원화성
002880,KOSPI,대유에이텍
000300,KOSPI,대유플러스
012800,KOSPI,대창
015230,KOSPI,대창단조
001070,KOSPI,대한방직
006650,KOSPI,대한유화
001440,KOSPI,대한전선
084010,KOSPI,대한제강
001790,KOSPI,대한제당
001795,KOSPI,대한제당우
001130,KOSPI,대한제분
003490,KOSPI,대한항공
003495,KOSPI,대한항공우
005880,KOSPI,대한해운
003830,KOSPI,대한화섬
016090,KOSPI,대현
069460,KOSPI,대호에이엘
192080,KOSPI,더블유게임즈
012510,KOSPI,더존비즈온
004830,KOSPI,덕성
004835,KOSPI,덕성우
024900,KOSPI,덕양산업
145720,KOSPI,덴티움
002150,KOSPI,도화엔지니어링
460850,KOSPI,동국씨엠
460860,KOSPI,동국제강
001230,KOSPI,동국홀딩스
023450,KOSPI,동남합성
004140,KOSPI,동방
007590,KOSPI,동방아그로
005960,KOSPI,동부건설
005965,KOSPI,동부건설우
026960,KOSPI,동서
002210,KOSPI,동성제약
102260,KOSPI,동성케미컬
000640,KOSPI,동아쏘시오홀딩스
170900,KOSPI,동아에스티
028100,KOSPI,동아지질
001520,KOSPI,동양
001527,KOSPI,동양2우B
084670,KOSPI,동양고속
082640,KOSPI,동양생명
001525,KOSPI,동양우
008970,KOSPI,동양철관
092780,KOSPI,동양피스톤
049770,KOSPI,동원F&B
018500,KOSPI,동원금속
006040,KOSPI,동원산업
030720,KOSPI,동원수산
014820,KOSPI,동원시스템즈
014825,KOSPI,동원시스템즈우
111380,KOSPI,동인기연
163560,KOSPI,동일고무벨트
004890,KOSPI,동일산업
002690,KOSPI,동일제강
000020,KOSPI,동화약품
000150,KOSPI,두산
000157,KOSPI,두산2우B
454910,KOSPI,두산로보틱스
241560,KOSPI,두산밥캣
034020,KOSPI,두산에너빌리티
000155,KOSPI,두산우
336260,KOSPI,두산퓨얼셀
33626K,KOSPI,두산퓨얼셀1우
33626L,KOSPI,두산퓨얼셀2우B
016740,KOSPI,두올
192650,KOSPI,드림텍
024090,KOSPI,디씨엠
003160,KOSPI,디아이
092200,KOSPI,디아이씨
377190,KOSPI,디앤디플랫폼리츠
013570,KOSPI,디와이
210540,KOSPI,디와이파워
115390,KOSPI,락앤락
032350,KOSPI,롯데관광개발
089860,KOSPI,롯데렌탈
330590,KOSPI,롯데리츠
000400,KOSPI,롯데손해보험
023530,KOSPI,롯데쇼핑
020150,KOSPI,롯데에너지머티리얼즈
280360,KOSPI,롯데웰푸드
286940,KOSPI,롯데이노베이트
004000,KOSPI,롯데정밀화학
004990,KOSPI,롯데지주
00499K,KOSPI,롯데지주우
005300,KOSPI,롯데칠성
005305,KOSPI,롯데칠성우
011170,KOSPI,롯데케미칼
071840,KOSPI,롯데하이마트
027740,KOSPI,마니커
357430,KOSPI,마스턴프리미어리츠
001080,KOSPI,만호제강
088980,KOSPI,맥쿼리인프라
094800,KOSPI,맵스리얼티1
138040,KOSPI,메리츠금융지주
090370,KOSPI,메타랩스
118000,KOSPI,메타케어
017180,KOSPI,명문제약
009900,KOSPI,명신산업
012690,KOSPI,모나리자
005360,KOSPI,모나미
070960,KOSPI,모나용평
009680,KOSPI,모토닉
009580,KOSPI,무림P&P
009200,KOSPI,무림페이퍼
033920,KOSPI,무학
008420,KOSPI,문배철강
025560,KOSPI,미래산업
007120,KOSPI,미래아이앤지
396690,KOSPI,미래에셋글로벌리츠
357250,KOSPI,미래에셋맵스리츠
085620,KOSPI,미래에셋생명
006800,KOSPI,미래에셋증권
00680K,KOSPI,미래에셋증권2우B
006805,KOSPI,미래에셋증권우
002840,KOSPI,미원상사
268280,KOSPI,미원에스씨
107590,KOSPI,미원홀딩스
134380,KOSPI,미원화학
003650,KOSPI,미창석유
377740,KOSPI,바이오노트
003610,KOSPI,방림
001340,KOSPI,백광산업
035150,KOSPI,백산
002410,KOSPI,범양건영
007210,KOSPI,벽산
002760,KOSPI,보락
003850,KOSPI,보령
000890,KOSPI,보해양조
003000,KOSPI,부광약품
001270,KOSPI,부국증권
001275,KOSPI,부국증권우
026940,KOSPI,부국철강
011390,KOSPI,부산산업
005030,KOSPI,부산주공
002070,KOSPI,비비안
100220,KOSPI,비상교육
090460,KOSPI,비에이치
005180,KOSPI,빙그레
003960,KOSPI,사조대림
008040,KOSPI,사조동아원
007160,KOSPI,사조산업
014710,KOSPI,사조씨푸드
006090,KOSPI,사조오양
062040,KOSPI,산일전기
001470,KOSPI,삼부토건
028050,KOSPI,삼성E&A
448730,KOSPI,삼성FN리츠
006400,KOSPI,삼성SDI
006405,KOSPI,삼성SDI우
006660,KOSPI,삼성공조
028260,KOSPI,삼성물산
02826K,KOSPI,삼성물산우B
207940,KOSPI,삼성바이오로직스
032830,KOSPI,삼성생명
018260,KOSPI,삼성에스디에스
009150,KOSPI,삼성전기
009155,KOSPI,삼성전기우
005930,KOSPI,삼성전자
005935,KOSPI,삼성전자우
001360,KOSPI,삼성제약
010140,KOSPI,삼성중공업
016360,KOSPI,삼성증권
068290,KOSPI,삼성출판사
029780,KOSPI,삼성카드
000810,KOSPI,삼성화재
000815,KOSPI,삼성화재우
006110,KOSPI,삼아알미늄
145990,KOSPI,삼양사
145995,KOSPI,삼양사우
003230,KOSPI,삼양식품
002170,KOSPI,삼양통상
272550,KOSPI,삼양패키징
000070,KOSPI,삼양홀딩스
000075,KOSPI,삼양홀딩스우
003720,KOSPI,삼영
002810,KOSPI,삼영무역
005680,KOSPI,삼영전자
023000,KOSPI,삼원강재
004380,KOSPI,삼익THK
002450,KOSPI,삼익악기
004440,KOSPI,삼일씨엔에스
000520,KOSPI,삼일제약
009770,KOSPI,삼정펄프
005500,KOSPI,삼진제약
004690,KOSPI,삼천리
010960,KOSPI,삼호개발
004450,KOSPI,삼화왕관
009470,KOSPI,삼화전기
011230,KOSPI,삼화전자
001820,KOSPI,삼화콘덴서
000390,KOSPI,삼화페인트
001290,KOSPI,상상인증권
041650,KOSPI,상신브레이크
075180,KOSPI,새론오토모티브
007540,KOSPI,샘표
248170,KOSPI,샘표식품
007860,KOSPI,서연
200880,KOSPI,서연이화
017390,KOSPI,서울가스
004410,KOSPI,서울식품
004415,KOSPI,서울식품우
021050,KOSPI,서원
008490,KOSPI,서흥
007610,KOSPI,선도전기
136490,KOSPI,선진
014910,KOSPI,성문전자
014915,KOSPI,성문전자우
003080,KOSPI,성보화학
004980,KOSPI,성신양회
004985,KOSPI,성신양회우
011300,KOSPI,성안머티리얼스
000180,KOSPI,성창기업지주
002420,KOSPI,세기상사
004360,KOSPI,세방
004365,KOSPI,세방우
004490,KOSPI,세방전지
001430,KOSPI,세아베스틸지주
306200,KOSPI,세아제강
003030,KOSPI,세아제강지주
019440,KOSPI,세아특수강
058650,KOSPI,세아홀딩스
013000,KOSPI,세우글로벌
091090,KOSPI,세원이앤씨
021820,KOSPI,세원정공
067830,KOSPI,세이브존I&C
075580,KOSPI,세진중공업
068270,KOSPI,셀트리온
336370,KOSPI,솔루스첨단소재
33637K,KOSPI,솔루스첨단소재1우
33637L,KOSPI,솔루스첨단소재2우B
248070,KOSPI,솔루엠
004430,KOSPI,송원산업
126720,KOSPI,수산인더스트리
017550,KOSPI,수산중공업
053210,KOSPI,스카이라이프
204210,KOSPI,스타에스엠리츠
026890,KOSPI,스틱인베스트먼트
134790,KOSPI,시디즈
462870,KOSPI,시프트업
016590,KOSPI,신대양제지
029530,KOSPI,신도리코
004970,KOSPI,신라교역
011930,KOSPI,신성이엔지
005390,KOSPI,신성통상
004170,KOSPI,신세계
035510,KOSPI,신세계 I&C
034300,KOSPI,신세계건설
031430,KOSPI,신세계인터내셔날
031440,KOSPI,신세계푸드
006880,KOSPI,신송홀딩스
005800,KOSPI,신영와코루
001720,KOSPI,신영증권
009270,KOSPI,신원
002700,KOSPI,신일전자
002870,KOSPI,신풍
019170,KOSPI,신풍제약
019175,KOSPI,신풍제약우
481850,KOSPI,신한글로벌액티브리츠
404990,KOSPI,신한서부티엔디리츠
293940,KOSPI,신한알파리츠
055550,KOSPI,신한지주
004080,KOSPI,신흥
102280,KOSPI,쌍방울
004770,KOSPI,써니전자
403550,KOSPI,쏘카
004920,KOSPI,씨아이테크
112610,KOSPI,씨에스윈드
308170,KOSPI,씨티알모빌리티
008700,KOSPI,아남전자
002790,KOSPI,아모레G
00279K,KOSPI,아모레G3우(전환)
002795,KOSPI,아모레G우
090430,KOSPI,아모레퍼시픽
090435,KOSPI,아모레퍼시픽우
002030,KOSPI,아세아
183190,KOSPI,아세아시멘트
002310,KOSPI,아세아제지
012170,KOSPI,아센디오
267850,KOSPI,아시아나IDT
020560,KOSPI,아시아나항공
122900,KOSPI,아이마켓코리아
010780,KOSPI,아이에스동서
139990,KOSPI,아주스틸
001780,KOSPI,알루코
018250,KOSPI,애경산업
161000,KOSPI,애경케미칼
011090,KOSPI,에넥스
137310,KOSPI,에스디바이오센서
005850,KOSPI,에스엘
010580,KOSPI,에스엠벡셀
012750,KOSPI,에스원
023960,KOSPI,에쓰씨엔지니어링
298690,KOSPI,에어부산
140910,KOSPI,에이리츠
078520,KOSPI,에이블씨엔씨
015260,KOSPI,에이엔피
007460,KOSPI,에이프로젠
003060,KOSPI,에이프로젠바이오로직스
244920,KOSPI,에이플러스에셋
278470,KOSPI,에이피알
450080,KOSPI,에코프로머티
036570,KOSPI,엔씨소프트
085310,KOSPI,엔케이
900140,KOSPI,엘브이엠씨홀딩스
066970,KOSPI,엘앤에프
097520,KOSPI,엠씨넥스
014440,KOSPI,영보화학
111770,KOSPI,영원무역
009970,KOSPI,영원무역홀딩스
003520,KOSPI,영진약품
000670,KOSPI,영풍
006740,KOSPI,영풍제지
012280,KOSPI,영화금속
012160,KOSPI,영흥
015360,KOSPI,예스코홀딩스
007310,KOSPI,오뚜기
002630,KOSPI,오리엔트바이오
271560,KOSPI,오리온
001800,KOSPI,오리온홀딩스
011690,KOSPI,와이투솔루션
316140,KOSPI,우리금융지주
006980,KOSPI,우성
017370,KOSPI,우신시스템
105840,KOSPI,우진
010400,KOSPI,우진아이엔에스
049800,KOSPI,우진플라임
016880,KOSPI,웅진
095720,KOSPI,웅진씽크빅
005820,KOSPI,원림
010600,KOSPI,웰바이오텍
008600,KOSPI,윌비스
033270,KOSPI,유나이티드제약
014830,KOSPI,유니드
446070,KOSPI,유니드비티플러스
000910,KOSPI,유니온
047400,KOSPI,유니온머티리얼
011330,KOSPI,유니켐
077500,KOSPI,유니퀘스트
002920,KOSPI,유성기업
000700,KOSPI,유수홀딩스
003470,KOSPI,유안타증권
003475,KOSPI,유안타증권우
072130,KOSPI,유엔젤
000220,KOSPI,유유제약
000225,KOSPI,유유제약1우
000227,KOSPI,유유제약2우B
001200,KOSPI,유진투자증권
000100,KOSPI,유한양행
000105,KOSPI,유한양행우
003460,KOSPI,유화증권
003465,KOSPI,유화증권우
008730,KOSPI,율촌화학
008250,KOSPI,이건산업
025820,KOSPI,이구산업
214320,KOSPI,이노션
088260,KOSPI,이리츠코크렙
139480,KOSPI,이마트
457190,KOSPI,이수스페셜티케미컬
007660,KOSPI,이수페타시스
005950,KOSPI,이수화학
015020,KOSPI,이스타코
093230,KOSPI,이아이디
074610,KOSPI,이엔플러스
102460,KOSPI,이연제약
084680,KOSPI,이월드
350520,KOSPI,이지스레지던스리츠
334890,KOSPI,이지스밸류리츠
000760,KOSPI,이화산업
014990,KOSPI,인디에프
101140,KOSPI,인바이오젠
006490,KOSPI,인스코비
023800,KOSPI,인지컨트롤스
034590,KOSPI,인천도시가스
129260,KOSPI,인터지스
023810,KOSPI,인팩
249420,KOSPI,일동제약
000230,KOSPI,일동홀딩스
013360,KOSPI,일성건설
003120,KOSPI,일성아이에스
003200,KOSPI,일신방직
007110,KOSPI,일신석재
007570,KOSPI,일양약품
007575,KOSPI,일양약품우
008500,KOSPI,일정실업
081000,KOSPI,일진다이아
020760,KOSPI,일진디스플
103590,KOSPI,일진전기
271940,KOSPI,일진하이솔루스
015860,KOSPI,일진홀딩스
226320,KOSPI,잇츠한불
317400,KOSPI,자이에스앤디
033240,KOSPI,자화전자
000950,KOSPI,전방
079900,KOSPI,전진건설로봇
348950,KOSPI,제이알글로벌리츠
194370,KOSPI,제이에스코퍼레이션
025620,KOSPI,제이준코스메틱
030000,KOSPI,제일기획
271980,KOSPI,제일약품
001560,KOSPI,제일연마
002620,KOSPI,제일파마홀딩스
006220,KOSPI,제주은행
089590,KOSPI,제주항공
004910,KOSPI,조광페인트
004700,KOSPI,조광피혁
001550,KOSPI,조비
462520,KOSPI,조선내화
120030,KOSPI,조선선재
018470,KOSPI,조일알미늄
002600,KOSPI,조흥
185750,KOSPI,종근당
063160,KOSPI,종근당바이오
001630,KOSPI,종근당홀딩스
109070,KOSPI,주성코퍼레이션
044380,KOSPI,주연테크
013890,KOSPI,지누스
013870,KOSPI,지엠비코리아
071320,KOSPI,지역난방공사
088790,KOSPI,진도
003780,KOSPI,진양산업
010640,KOSPI,진양폴리
100250,KOSPI,진양홀딩스
051630,KOSPI,진양화학
272450,KOSPI,진에어
011000,KOSPI,진원생명과학
002780,KOSPI,진흥기업
002787,KOSPI,진흥기업2우B
002785,KOSPI,진흥기업우B
009310,KOSPI,참엔지니어링
000650,KOSPI,천일고속
012600,KOSPI,청호ICT
033250,KOSPI,체시스
035720,KOSPI,카카오
323410,KOSPI,카카오뱅크
377300,KOSPI,카카오페이
006380,KOSPI,카프로
001620,KOSPI,케이비아이동국실업
029460,KOSPI,케이씨
281820,KOSPI,케이씨텍
381970,KOSPI,케이카
145270,KOSPI,케이탑리츠
417310,KOSPI,코람코더원리츠
357120,KOSPI,코람코라이프인프라리츠
007815,KOSPI,코리아써우
007810,KOSPI,코리아써키트
00781K,KOSPI,코리아써키트2우B
003690,KOSPI,코리안리
192820,KOSPI,코스맥스
044820,KOSPI,코스맥스비티아이
005070,KOSPI,코스모신소재
005420,KOSPI,코스모화학
071950,KOSPI,코아스
002020,KOSPI,코오롱
138490,KOSPI,코오롱ENP
003070,KOSPI,코오롱글로벌
003075,KOSPI,코오롱글로벌우
450140,KOSPI,코오롱모빌리티그룹
45014K,KOSPI,코오롱모빌리티그룹우
002025,KOSPI,코오롱우
120110,KOSPI,코오롱인더
120115,KOSPI,코오롱인더우
021240,KOSPI,코웨이
036420,KOSPI,콘텐트리중앙
024720,KOSPI,콜마홀딩스
031820,KOSPI,콤텍시스템
192400,KOSPI,쿠쿠홀딩스
284740,KOSPI,쿠쿠홈시스
264900,KOSPI,크라운제과
26490K,KOSPI,크라운제과우
005740,KOSPI,크라운해태홀딩스
005745,KOSPI,크라운해태홀딩스우
259960,KOSPI,크래프톤
020120,KOSPI,키다리스튜디오
039490,KOSPI,키움증권
014580,KOSPI,태경비케이
015890,KOSPI,태경산업
006890,KOSPI,태경케미컬
003240,KOSPI,태광산업
011280,KOSPI,태림포장
004100,KOSPI,태양금속
004105,KOSPI,태양금속우
009410,KOSPI,태영건설
009415,KOSPI,태영건설우
001420,KOSPI,태원물산
055490,KOSPI,테이팩스
078000,KOSPI,텔코웨어
214420,KOSPI,토니모리
019180,KOSPI,티에이치엔
363280,KOSPI,티와이홀딩스
36328K,KOSPI,티와이홀딩스우
091810,KOSPI,티웨이항공
004870,KOSPI,티웨이홀딩스
034230,KOSPI,파라다이스
005690,KOSPI,파미셀
036580,KOSPI,팜스코
004720,KOSPI,팜젠사이언스
028670,KOSPI,팬오션
010820,KOSPI,퍼스텍
016800,KOSPI,퍼시스
001020,KOSPI,페이퍼코리아
090080,KOSPI,평화산업
010770,KOSPI,평화홀딩스
022100,KOSPI,포스코DX
058430,KOSPI,포스코스틸리온
047050,KOSPI,포스코인터내셔널
003670,KOSPI,포스코퓨처엠
017810,KOSPI,풀무원
103140,KOSPI,풍산
005810,KOSPI,풍산홀딩스
950210,KOSPI,프레스티지바이오파마
009810,KOSPI,플레이그램
086790,KOSPI,하나금융지주
293480,KOSPI,하나제약
039130,KOSPI,하나투어
352820,KOSPI,하이브
071090,KOSPI,하이스틸
019490,KOSPI,하이트론
000080,KOSPI,하이트진로
000087,KOSPI,하이트진로2우B
000140,KOSPI,하이트진로홀딩스
000145,KOSPI,하이트진로홀딩스우
152550,KOSPI,한국ANKOR유전
036460,KOSPI,한국가스공사
005430,KOSPI,한국공항
071050,KOSPI,한국금융지주
071055,KOSPI,한국금융지주우
010040,KOSPI,한국내화
025540,KOSPI,한국단자
010100,KOSPI,한국무브넥스
004090,KOSPI,한국석유
002200,KOSPI,한국수출포장
002960,KOSPI,한국쉘석유
000240,KOSPI,한국앤컴퍼니
123890,KOSPI,한국자산신탁
015760,KOSPI,한국전력
006200,KOSPI,한국전자홀딩스
027970,KOSPI,한국제지
023350,KOSPI,한국종합기술
025890,KOSPI,한국주강
000970,KOSPI,한국주철관
104700,KOSPI,한국철강
017960,KOSPI,한국카본
161890,KOSPI,한국콜마
161390,KOSPI,한국타이어앤테크놀로지
034830,KOSPI,한국토지신탁
007280,KOSPI,한국특강
168490,KOSPI,한국패러랠
047810,KOSPI,한국항공우주
123690,KOSPI,한국화장품
003350,KOSPI,한국화장품제조
011500,KOSPI,한농화성
002390,KOSPI,한독
053690,KOSPI,한미글로벌
042700,KOSPI,한미반도체
008930,KOSPI,한미사이언스
128940,KOSPI,한미약품
009240,KOSPI,한샘
020000,KOSPI,한섬
003680,KOSPI,한성기업
105630,KOSPI,한세실업
069640,KOSPI,한세엠케이
016450,KOSPI,한세예스24홀딩스
010420,KOSPI,한솔PNS
009180,KOSPI,한솔로지스틱스
213500,KOSPI,한솔제지
014680,KOSPI,한솔케미칼
004710,KOSPI,한솔테크닉스
004150,KOSPI,한솔홀딩스
025750,KOSPI,한솔홈데코
004960,KOSPI,한신공영
011700,KOSPI,한신기계
001750,KOSPI,한양증권
001755,KOSPI,한양증권우
018880,KOSPI,한온시스템
009420,KOSPI,한올바이오파마
014130,KOSPI,한익스프레스
300720,KOSPI,한일시멘트
002220,KOSPI,한일철강
006390,KOSPI,한일현대시멘트
003300,KOSPI,한일홀딩스
051600,KOSPI,한전KPS
052690,KOSPI,한전기술
130660,KOSPI,한전산업
002320,KOSPI,한진
003480,KOSPI,한진중공업홀딩스
180640,KOSPI,한진칼
18064K,KOSPI,한진칼우
005110,KOSPI,한창
009460,KOSPI,한창제지
372910,KOSPI,한컴라이프케어
000880,KOSPI,한화
00088K,KOSPI,한화3우B
452260,KOSPI,한화갤러리아
45226K,KOSPI,한화갤러리아우
451800,KOSPI,한화리츠
088350,KOSPI,한화생명
000370,KOSPI,한화손해보험
009830,KOSPI,한화솔루션
009835,KOSPI,한화솔루션우
272210,KOSPI,한화시스템
012450,KOSPI,한화에어로스페이스
082740,KOSPI,한화엔진
042660,KOSPI,한화오션
000885,KOSPI,한화우
489790,KOSPI,한화인더스트리얼솔루션즈
003530,KOSPI,한화투자증권
003535,KOSPI,한화투자증권우
195870,KOSPI,해성디에스
101530,KOSPI,해태제과식품
143210,KOSPI,핸즈코퍼레이션
000720,KOSPI,현대건설
000725,KOSPI,현대건설우
453340,KOSPI,현대그린푸드
086280,KOSPI,현대글로비스
064350,KOSPI,현대로템
079430,KOSPI,현대리바트
012330,KOSPI,현대모비스
069960,KOSPI,현대백화점
004560,KOSPI,현대비앤지스틸
004310,KOSPI,현대약품
017800,KOSPI,현대엘리베이
307950,KOSPI,현대오토에버
011210,KOSPI,현대위아
004020,KOSPI,현대제철
005440,KOSPI,현대지에프홀딩스
005380,KOSPI,현대차
005387,KOSPI,현대차2우B
005389,KOSPI,현대차3우B
005385,KOSPI,현대차우
001500,KOSPI,현대차증권
011760,KOSPI,현대코퍼레이션
227840,KOSPI,현대코퍼레이션홀딩스
126560,KOSPI,현대퓨처넷
001450,KOSPI,현대해상
057050,KOSPI,현대홈쇼핑
093240,KOSPI,형지엘리트
003010,KOSPI,혜인
111110,KOSPI,호전실업
008770,KOSPI,호텔신라
008775,KOSPI,호텔신라우
378850,KOSPI,화승알앤에이
241590,KOSPI,화승엔터프라이즈
006060,KOSPI,화승인더
013520,KOSPI,화승코퍼레이션
010690,KOSPI,화신
133820,KOSPI,화인베스틸
010660,KOSPI,화천기계
000850,KOSPI,화천기공
016580,KOSPI,환인제약
032560,KOSPI,황금에스티
004800,KOSPI,효성
094280,KOSPI,효성ITX
298040,KOSPI,효성중공업
298020,KOSPI,효성티앤씨
298000,KOSPI,효성화학
093370,KOSPI,후성
081660,KOSPI,휠라홀딩스
005870,KOSPI,휴니드
079980,KOSPI,휴비스
005010,KOSPI,휴스틸
000540,KOSPI,흥국화재
000545,KOSPI,흥국화재우
003280,KOSPI,흥아해운
060310,KOSDAQ,3S
054620,KOSDAQ,APS
265520,KOSDAQ,AP시스템
211270,KOSDAQ,AP위성
109960,KOSDAQ,AP헬스케어
139050,KOSDAQ,BF랩스
126600,KOSDAQ,BGF에코머티리얼즈
013720,KOSDAQ,CBI
083790,KOSDAQ,CG인바이츠
035760,KOSDAQ,CJ ENM
311690,KOSDAQ,CJ 바이오사이언스
051500,KOSDAQ,CJ프레시웨이
058820,KOSDAQ,CMG제약
023460,KOSDAQ,CNH
056730,KOSDAQ,CNT85
065770,KOSDAQ,CS
083660,KOSDAQ,CSA 코스믹
099520,KOSDAQ,DGI
060900,KOSDAQ,DGP
290120,KOSDAQ,DH오토리드
025440,KOSDAQ,DH오토웨어
068790,KOSDAQ,DMS
241520,KOSDAQ,DSC인베스트먼트
180400,KOSDAQ,DXVX
245620,KOSDAQ,EDGC
037370,KOSDAQ,EG
050120,KOSDAQ,ES큐브
214270,KOSDAQ,FSN
130500,KOSDAQ,GH신소재
900290,KOSDAQ,GRT
083450,KOSDAQ,GST
297890,KOSDAQ,HB솔루션
440290,KOSDAQ,HB인베스트먼트
078150,KOSDAQ,HB테크놀러지
195940,KOSDAQ,HK이노엔
028300,KOSDAQ,HLB
278650,KOSDAQ,HLB바이오스텝
067630,KOSDAQ,HLB생명과학
024850,KOSDAQ,HLB이노베이션
047920,KOSDAQ,HLB제약
115450,KOSDAQ,HLB테라퓨틱스
046210,KOSDAQ,HLB파나진
403870,KOSDAQ,HPSP
036640,KOSDAQ,HRS
095340,KOSDAQ,ISC
950170,KOSDAQ,JTC
067290,KOSDAQ,JW신약
035900,KOSDAQ,JYP Ent.
318000,KOSDAQ,KBG
024840,KOSDAQ,KBI메탈
024120,KOSDAQ,KB오토시스
021320,KOSDAQ,KCC건설
036670,KOSDAQ,KCI
044180,KOSDAQ,KD
046440,KOSDAQ,KG모빌리언스
151860,KOSDAQ,KG에코솔루션
035600,KOSDAQ,KG이니시스
226360,KOSDAQ,KH 건설
111870,KOSDAQ,KH 미래물산
060720,KOSDAQ,KH바텍
058400,KOSDAQ,KNN
101000,KOSDAQ,KS인더스트리
122450,KOSDAQ,KX
052900,KOSDAQ,KX하이텍
376190,KOSDAQ,LB루셈
061970,KOSDAQ,LB세미콘
309960,KOSDAQ,LB인베스트먼트
225190,KOSDAQ,LK삼양
060370,KOSDAQ,LS마린솔루션
417200,KOSDAQ,LS머트리얼즈
078020,KOSDAQ,LS증권
476080,KOSDAQ,M83
086960,KOSDAQ,MDS테크
038340,KOSDAQ,MIT
160550,KOSDAQ,NEW
053290,KOSDAQ,NE능률
060250,KOSDAQ,NHN KCP
104200,KOSDAQ,NHN벅스
222160,KOSDAQ,NPX
024940,KOSDAQ,PN풍년
218410,KOSDAQ,RFHIC
327260,KOSDAQ,RF머트리얼즈
091340,KOSDAQ,S&K폴리텍
419530,KOSDAQ,SAMG엔터
019550,KOSDAQ,SBI인베스트먼트
950110,KOSDAQ,SBI핀테크솔루션즈
036120,KOSDAQ,SCI평가정보
246960,KOSDAQ,SCL사이언스
099220,KOSDAQ,SDN
036540,KOSDAQ,SFA반도체
255220,KOSDAQ,SG
040610,KOSDAQ,SG&G
049470,KOSDAQ,SGA
184230,KOSDAQ,SGA솔루션즈
016250,KOSDAQ,SGC E&C
048550,KOSDAQ,SM C&C
063440,KOSDAQ,SM Life Design
067160,KOSDAQ,SOOP
289080,KOSDAQ,SV인베스트먼트
089230,KOSDAQ,THE E&M
032540,KOSDAQ,TJ미디어
022220,KOSDAQ,TKG애강
048770,KOSDAQ,TPC
246690,KOSDAQ,TS인베스트먼트
317240,KOSDAQ,TS트릴리온
057030,KOSDAQ,YBM넷
040300,KOSDAQ,YTN
051390,KOSDAQ,YW
052220,KOSDAQ,iMBC
079940,KOSDAQ,가비아
078890,KOSDAQ,가온그룹
399720,KOSDAQ,가온칩스
036620,KOSDAQ,감성코퍼레이션
198440,KOSDAQ,강동씨앤엘
217730,KOSDAQ,강스템바이오텍
114190,KOSDAQ,강원에너지
094480,KOSDAQ,갤럭시아머니트리
039240,KOSDAQ,경남스틸
053950,KOSDAQ,경남제약
011040,KOSDAQ,경동제약
024910,KOSDAQ,경창산업
049720,KOSDAQ,고려신용정보
014570,KOSDAQ,고려제약
348150,KOSDAQ,고바이오랩
950190,KOSDAQ,고스트스튜디오
098460,KOSDAQ,고영
035290,KOSDAQ,골드앤에스
900280,KOSDAQ,골든센츄리
215000,KOSDAQ,골프존
121440,KOSDAQ,골프존뉴딘홀딩스
366030,KOSDAQ,공구우먼
014200,KOSDAQ,광림
029480,KOSDAQ,광무
026910,KOSDAQ,광진실업
053270,KOSDAQ,구영테크
066620,KOSDAQ,국보디자인
043650,KOSDAQ,국순당
006050,KOSDAQ,국영지앤엠
060480,KOSDAQ,국일신동
078130,KOSDAQ,국일제지
307750,KOSDAQ,국전약품
035080,KOSDAQ,그래디언트
453450,KOSDAQ,그리드위즈
204020,KOSDAQ,그리티
402490,KOSDAQ,그린리소스
114450,KOSDAQ,그린생명과학
186230,KOSDAQ,그린플러스
900070,KOSDAQ,글로벌에스엠
204620,KOSDAQ,글로벌텍스프리
019660,KOSDAQ,글로본
053260,KOSDAQ,금강철강
282720,KOSDAQ,금양그린파워
036190,KOSDAQ,금화피에스시
049080,KOSDAQ,기가레인
420770,KOSDAQ,기가비스
035460,KOSDAQ,기산텔레콤
308100,KOSDAQ,까스텔바작
407400,KOSDAQ,꿈비
187790,KOSDAQ,나노
286750,KOSDAQ,나노브릭
121600,KOSDAQ,나노신소재
247660,KOSDAQ,나노씨엠에스
039860,KOSDAQ,나노엔텍
091970,KOSDAQ,나노캠텍
417010,KOSDAQ,나노팀
405920,KOSDAQ,나라셀라
051490,KOSDAQ,나라엠앤디
137080,KOSDAQ,나래나노텍
190510,KOSDAQ,나무가
242040,KOSDAQ,나무기술
089600,KOSDAQ,나스미디어
293580,KOSDAQ,나우IB
138610,KOSDAQ,나이벡
130580,KOSDAQ,나이스디앤비
036800,KOSDAQ,나이스정보통신
267320,KOSDAQ,나인테크
111710,KOSDAQ,남화산업
091590,KOSDAQ,남화토건
168330,KOSDAQ,내츄럴엔도텍
094860,KOSDAQ,네오리진
253590,KOSDAQ,네오셈
212560,KOSDAQ,네오오토
095660,KOSDAQ,네오위즈
042420,KOSDAQ,네오위즈홀딩스
950220,KOSDAQ,네오이뮨텍
311390,KOSDAQ,네오크레마
085910,KOSDAQ,네오티스
092730,KOSDAQ,네오팜
290660,KOSDAQ,네오펙트
306620,KOSDAQ,네온테크
153460,KOSDAQ,네이블
007390,KOSDAQ,네이처셀
033640,KOSDAQ,네패스
330860,KOSDAQ,네패스아크
089140,KOSDAQ,넥스턴바이오
389650,KOSDAQ,넥스트바이오메디컬
137940,KOSDAQ,넥스트아이
396270,KOSDAQ,넥스트칩
348210,KOSDAQ,넥스틴
225570,KOSDAQ,넥슨게임즈
217270,KOSDAQ,넵튠
104620,KOSDAQ,노랑풍선
194700,KOSDAQ,노바렉스
285490,KOSDAQ,노바텍
145170,KOSDAQ,노브랜드
106520,KOSDAQ,노블엠앤비
376930,KOSDAQ,노을
142280,KOSDAQ,녹십자엠에스
234690,KOSDAQ,녹십자웰빙
054050,KOSDAQ,농우바이오
069140,KOSDAQ,누리플랜
040160,KOSDAQ,누리플렉스
332290,KOSDAQ,누보
348340,KOSDAQ,뉴로메카
060260,KOSDAQ,뉴보텍
123840,KOSDAQ,뉴온
012340,KOSDAQ,뉴인텍
214870,KOSDAQ,한울BnC
270870,KOSDAQ,뉴트리
144960,KOSDAQ,뉴파워프라즈마
085670,KOSDAQ,뉴프렉스
064260,KOSDAQ,다날
340360,KOSDAQ,다보링크
039560,KOSDAQ,다산네트웍스
154040,KOSDAQ,다산솔루에타
032190,KOSDAQ,다우데이타
323350,KOSDAQ,다원넥스뷰
068240,KOSDAQ,다원시스
020400,KOSDAQ,대동금속
008830,KOSDAQ,대동기어
048470,KOSDAQ,대동스틸
004780,KOSDAQ,대륙제관
017650,KOSDAQ,대림제지
007720,KOSDAQ,대명소노시즌
389260,KOSDAQ,대명에너지
317850,KOSDAQ,대모
290670,KOSDAQ,대보마그네틱
078140,KOSDAQ,대봉엘에스
065150,KOSDAQ,대산F&B
036480,KOSDAQ,대성미생물
027830,KOSDAQ,대성창투
104040,KOSDAQ,대성파인텍
129920,KOSDAQ,대성하이텍
020180,KOSDAQ,대신정보통신
045390,KOSDAQ,대아티아이
108380,KOSDAQ,대양전기공업
007680,KOSDAQ,대원
048910,KOSDAQ,대원미디어
005710,KOSDAQ,대원산업
290380,KOSDAQ,대유
120240,KOSDAQ,대정화금
003310,KOSDAQ,대주산업
078600,KOSDAQ,대주전자재료
096350,KOSDAQ,대창솔루션
140520,KOSDAQ,대창스틸
131220,KOSDAQ,대한과학
010170,KOSDAQ,대한광통신
054670,KOSDAQ,대한뉴팜
023910,KOSDAQ,대한약품
021040,KOSDAQ,대호특수강
021045,KOSDAQ,대호특수강우
067080,KOSDAQ,대화제약
298540,KOSDAQ,더네이쳐홀딩스
032860,KOSDAQ,더라미
393890,KOSDAQ,더블유씨피
299170,KOSDAQ,더블유에스아이
224060,KOSDAQ,더코디
043090,KOSDAQ,더테크놀로지
213420,KOSDAQ,덕산네오룩스
317330,KOSDAQ,덕산테코피아
077360,KOSDAQ,덕산하이메탈
090410,KOSDAQ,덕신이피씨
263600,KOSDAQ,덕우전자
194480,KOSDAQ,데브시스터즈
263800,KOSDAQ,데이타솔루션
206560,KOSDAQ,덱스터
261200,KOSDAQ,덴티스
067990,KOSDAQ,도이치모터스
006620,KOSDAQ,동구바이오제약
100130,KOSDAQ,동국S&C
005160,KOSDAQ,동국산업
075970,KOSDAQ,동국알앤에스
086450,KOSDAQ,동국제약
099410,KOSDAQ,동방선기
033500,KOSDAQ,동성화인텍
025950,KOSDAQ,동신건설
088130,KOSDAQ,동아엘텍
041930,KOSDAQ,동아화성
060380,KOSDAQ,동양에스텍
079960,KOSDAQ,동양이엔피
228340,KOSDAQ,동양파일
088910,KOSDAQ,동우팜투테이블
094170,KOSDAQ,동운아나텍
013120,KOSDAQ,동원개발
109860,KOSDAQ,동일금속
032960,KOSDAQ,동일기연
023790,KOSDAQ,동일철강
005290,KOSDAQ,동진쎄미켐
025900,KOSDAQ,동화기업
131970,KOSDAQ,두산테스나
073190,KOSDAQ,듀오백
030350,KOSDAQ,드래곤플라이
203650,KOSDAQ,드림시큐리티
223250,KOSDAQ,드림씨아이에스
060570,KOSDAQ,드림어스컴퍼니
362990,KOSDAQ,드림인사이트
217620,KOSDAQ,디딤이앤에프
016670,KOSDAQ,디모아
187870,KOSDAQ,디바이스이엔지
110990,KOSDAQ,디아이티
263690,KOSDAQ,디알젬
214680,KOSDAQ,디알텍
347850,KOSDAQ,디앤디파마텍
263720,KOSDAQ,디앤씨미디어
376300,KOSDAQ,디어유
109740,KOSDAQ,디에스케이
196490,KOSDAQ,디에이테크놀로지
066900,KOSDAQ,디에이피
127120,KOSDAQ,디엔에이링크
092070,KOSDAQ,디엔에프
039840,KOSDAQ,디오
219550,KOSDAQ,디와이디
310870,KOSDAQ,디와이씨
104460,KOSDAQ,디와이피엔에프
079810,KOSDAQ,디이엔티
113810,KOSDAQ,디젠스
043360,KOSDAQ,디지아이
197140,KOSDAQ,디지캡
068930,KOSDAQ,디지털대성
033130,KOSDAQ,디지틀조선
105740,KOSDAQ,디케이락
263020,KOSDAQ,디케이앤디
290550,KOSDAQ,디케이티
066670,KOSDAQ,디티씨
187220,KOSDAQ,디티앤씨
383930,KOSDAQ,디티앤씨알오
131180,KOSDAQ,딜리
315640,KOSDAQ,딥노이드
223310,KOSDAQ,딥마인드
317120,KOSDAQ,라닉스
462510,KOSDAQ,라메디텍
042510,KOSDAQ,라온시큐어
232680,KOSDAQ,라온테크
418420,KOSDAQ,라온텍
300120,KOSDAQ,라온피플
171120,KOSDAQ,라이온켐텍
388790,KOSDAQ,라이콤
347700,KOSDAQ,라이프시맨틱스
214260,KOSDAQ,라파스
200350,KOSDAQ,래몽래인
171010,KOSDAQ,램테크놀러지
084650,KOSDAQ,랩지노믹스
217500,KOSDAQ,러셀
038390,KOSDAQ,레드캡투어
294140,KOSDAQ,레몬
443250,KOSDAQ,레뷰코퍼레이션
228670,KOSDAQ,레이
228850,KOSDAQ,레이언스
412350,KOSDAQ,레이저쎌
199550,KOSDAQ,레이저옵텍
281740,KOSDAQ,레이크머티리얼즈
277810,KOSDAQ,레인보우로보틱스
215100,KOSDAQ,로보로보
090360,KOSDAQ,로보스타
108490,KOSDAQ,로보티즈
900260,KOSDAQ,로스웰
067730,KOSDAQ,로지시스
071280,KOSDAQ,로체시스템즈
328130,KOSDAQ,루닛
038060,KOSDAQ,루멘스
141080,KOSDAQ,리가켐바이오
058470,KOSDAQ,리노공업
016100,KOSDAQ,리더스코스메틱
012700,KOSDAQ,리드코프
302550,KOSDAQ,리메드
073570,KOSDAQ,리튬포어스
377450,KOSDAQ,리파인
277070,KOSDAQ,린드먼아시아
042500,KOSDAQ,링네트
193250,KOSDAQ,링크드
219420,KOSDAQ,링크제니시스
439090,KOSDAQ,마녀공장
195500,KOSDAQ,마니커에프앤지
377480,KOSDAQ,마음AI
305090,KOSDAQ,마이크로디지탈
098120,KOSDAQ,마이크로컨텍솔
424980,KOSDAQ,마이크로투나노
038290,KOSDAQ,마크로젠
267980,KOSDAQ,매일유업
005990,KOSDAQ,매일홀딩스
093520,KOSDAQ,매커스
377030,KOSDAQ,맥스트
100590,KOSDAQ,머큐리
067280,KOSDAQ,멀티캠퍼스
072870,KOSDAQ,메가스터디
215200,KOSDAQ,메가스터디교육
133750,KOSDAQ,메가엠디
446540,KOSDAQ,메가터치
235980,KOSDAQ,메드팩토
041920,KOSDAQ,메디아나
014100,KOSDAQ,메디앙스
054180,KOSDAQ,메디콕스
086900,KOSDAQ,메디톡스
078160,KOSDAQ,메디포스트
408920,KOSDAQ,메쎄이상
021880,KOSDAQ,메이슨캐피탈
140410,KOSDAQ,메지온
241770,KOSDAQ,메카로
059210,KOSDAQ,메타바이오메드
058110,KOSDAQ,멕아이씨에스
434480,KOSDAQ,모니터랩
080420,KOSDAQ,모다이노칩
417970,KOSDAQ,모델솔루션
080160,KOSDAQ,모두투어
087260,KOSDAQ,모바일어플라이언스
101330,KOSDAQ,모베이스
012860,KOSDAQ,모베이스전자
363260,KOSDAQ,모비데이즈
348030,KOSDAQ,모비릭스
250060,KOSDAQ,모비스
288980,KOSDAQ,모아데이타
142760,KOSDAQ,모아라이프플러스
033200,KOSDAQ,모아텍
333050,KOSDAQ,모코엠시스
118990,KOSDAQ,모트렉스
006920,KOSDAQ,모헨즈
001810,KOSDAQ,무림SP
279600,KOSDAQ,미디어젠
095500,KOSDAQ,미래나노텍
254490,KOSDAQ,미래반도체
218150,KOSDAQ,미래생명자원
100790,KOSDAQ,미래에셋벤처투자
049950,KOSDAQ,미래컴퍼니
207760,KOSDAQ,미스터블루
059090,KOSDAQ,미코
214610,KOSDAQ,미코바이오메드
201490,KOSDAQ,미투온
452200,KOSDAQ,민테크
418470,KOSDAQ,밀리의서재
206640,KOSDAQ,바디텍메드
018700,KOSDAQ,바른손
035620,KOSDAQ,바른손이앤에이
053030,KOSDAQ,바이넥스
301300,KOSDAQ,바이브컴퍼니
064550,KOSDAQ,바이오니아
314930,KOSDAQ,바이오다인
208710,KOSDAQ,바이오로그디바이스
086820,KOSDAQ,바이오솔루션
038460,KOSDAQ,바이오스마트
251120,KOSDAQ,바이오에프디엔씨
199730,KOSDAQ,바이오인프라
086040,KOSDAQ,바이오톡스텍
099430,KOSDAQ,바이오플러스
032980,KOSDAQ,바이온
308080,KOSDAQ,바이젠셀
043150,KOSDAQ,바텍
323990,KOSDAQ,박셀바이오
267790,KOSDAQ,배럴
046310,KOSDAQ,백금T&A
331520,KOSDAQ,밸로프
199480,KOSDAQ,뱅크웨어글로벌
438700,KOSDAQ,버넥트
066410,KOSDAQ,버킷스튜디오
382900,KOSDAQ,범한퓨얼셀
206400,KOSDAQ,베노티앤알
019010,KOSDAQ,베뉴지
177350,KOSDAQ,베셀
424760,KOSDAQ,벨로크
225530,KOSDAQ,보광산업
250000,KOSDAQ,보라티알
310210,KOSDAQ,보로노이
006910,KOSDAQ,보성파워텍
226340,KOSDAQ,본느
014470,KOSDAQ,부방
008470,KOSDAQ,부스타
338220,KOSDAQ,뷰노
100120,KOSDAQ,뷰웍스
406820,KOSDAQ,뷰티스킨
337930,KOSDAQ,브랜드엑스코퍼레이션
099390,KOSDAQ,브레인즈컴퍼니
064480,KOSDAQ,브리지텍
288330,KOSDAQ,브릿지바이오테라퓨틱스
365900,KOSDAQ,브이씨
089970,KOSDAQ,브이엠
251630,KOSDAQ,브이원텍
018290,KOSDAQ,브이티
439580,KOSDAQ,블루엠텍
033560,KOSDAQ,블루콤
369370,KOSDAQ,블리츠웨이스튜디오
126340,KOSDAQ,비나텍
121800,KOSDAQ,비덴트
082800,KOSDAQ,비보존 제약
318410,KOSDAQ,비비씨
419540,KOSDAQ,비스토스
146320,KOSDAQ,비씨엔씨
200780,KOSDAQ,비씨월드제약
413640,KOSDAQ,비아이매트릭스
141000,KOSDAQ,비아트론
083650,KOSDAQ,비에이치아이
065170,KOSDAQ,비엘팜텍
086670,KOSDAQ,비엠티
335890,KOSDAQ,비올
230980,KOSDAQ,비유테크놀러지
138580,KOSDAQ,비즈니스온
082920,KOSDAQ,비츠로셀
054220,KOSDAQ,비츠로시스
042370,KOSDAQ,비츠로테크
050090,KOSDAQ,비케이홀딩스
148780,KOSDAQ,비큐AI
307870,KOSDAQ,비투엔
357880,KOSDAQ,비트나인
032850,KOSDAQ,비트컴퓨터
238200,KOSDAQ,비피도
093190,KOSDAQ,빅솔론
065450,KOSDAQ,빅텍
210120,KOSDAQ,빅텐츠
044480,KOSDAQ,빌리언스
069540,KOSDAQ,빛과전자
072950,KOSDAQ,빛샘전자
451250,KOSDAQ,삐아
143240,KOSDAQ,사람인
452430,KOSDAQ,사피엔반도체
419120,KOSDAQ,산돌
122350,KOSDAQ,삼기
419050,KOSDAQ,삼기이브이
014970,KOSDAQ,삼륭물산
018310,KOSDAQ,삼목에스폼
053700,KOSDAQ,삼보모터스
009620,KOSDAQ,삼보산업
023600,KOSDAQ,삼보판지
009300,KOSDAQ,삼아제약
361670,KOSDAQ,삼영에스앤씨
054540,KOSDAQ,삼영엠텍
065570,KOSDAQ,삼영이엔씨
032280,KOSDAQ,삼일
002290,KOSDAQ,삼일기업공사
037460,KOSDAQ,삼지전자
032750,KOSDAQ,삼진
054090,KOSDAQ,삼진엘앤디
000250,KOSDAQ,삼천당제약
024950,KOSDAQ,삼천리자전거
038500,KOSDAQ,삼표시멘트
437730,KOSDAQ,삼현
017480,KOSDAQ,삼현철강
046390,KOSDAQ,삼화네트웍스
027580,KOSDAQ,상보
038540,KOSDAQ,상상인
091580,KOSDAQ,상신이디피
263810,KOSDAQ,상신전자
089980,KOSDAQ,상아프론테크
042940,KOSDAQ,상지건설
042600,KOSDAQ,새로닉스
107600,KOSDAQ,새빗켐
411080,KOSDAQ,샌즈랩
252990,KOSDAQ,샘씨엔에스
378800,KOSDAQ,샤페론
294630,KOSDAQ,서남
038070,KOSDAQ,서린바이오
006730,KOSDAQ,서부T&D
079650,KOSDAQ,서산
100660,KOSDAQ,서암기계공업
019770,KOSDAQ,서연탑메탈
043710,KOSDAQ,서울리거
092190,KOSDAQ,서울바이오시스
046890,KOSDAQ,서울반도체
063170,KOSDAQ,서울옥션
027040,KOSDAQ,서울전자통신
018680,KOSDAQ,서울제약
093920,KOSDAQ,서원인텍
189860,KOSDAQ,서전기전
178320,KOSDAQ,서진시스템
122690,KOSDAQ,서진오토모티브
140070,KOSDAQ,서플러스글로벌
011370,KOSDAQ,서한
065710,KOSDAQ,서호전기
035890,KOSDAQ,서희건설
357550,KOSDAQ,석경에이티
003100,KOSDAQ,선광
067370,KOSDAQ,선바이오
171090,KOSDAQ,선익시스템
086710,KOSDAQ,선진뷰티사이언스
014620,KOSDAQ,성광벤드
037350,KOSDAQ,성도이엔지
081580,KOSDAQ,성우전자
045300,KOSDAQ,성우테크론
015750,KOSDAQ,성우하이텍
365340,KOSDAQ,성일하이텍
080470,KOSDAQ,성창오토텍
043260,KOSDAQ,성호전자
148150,KOSDAQ,세경하이테크
188260,KOSDAQ,세니젠
053060,KOSDAQ,세동
340440,KOSDAQ,세림B&G
017510,KOSDAQ,세명전기
011560,KOSDAQ,세보엠이씨
396300,KOSDAQ,세아메카닉스
100700,KOSDAQ,세운메디칼
024830,KOSDAQ,세원물산
258830,KOSDAQ,세종메디칼
036630,KOSDAQ,세종텔레콤
039310,KOSDAQ,세중
067770,KOSDAQ,세진티에스
053450,KOSDAQ,세코닉스
222810,KOSDAQ,세토피아
252500,KOSDAQ,세화피앤씨
321370,KOSDAQ,센서뷰
347000,KOSDAQ,센코
331920,KOSDAQ,셀레믹스
049180,KOSDAQ,셀루메드
299660,KOSDAQ,셀리드
268600,KOSDAQ,셀리버리
108860,KOSDAQ,셀바스AI
208370,KOSDAQ,셀바스헬스케어
318160,KOSDAQ,셀바이오휴먼텍
068760,KOSDAQ,셀트리온제약
068940,KOSDAQ,셀피글로벌
060230,KOSDAQ,소니드
290690,KOSDAQ,소룩스
950200,KOSDAQ,소마젠
032680,KOSDAQ,소프트센
032685,KOSDAQ,소프트센우
258790,KOSDAQ,소프트캠프
066910,KOSDAQ,손오공
035610,KOSDAQ,솔본
357780,KOSDAQ,솔브레인
036830,KOSDAQ,솔브레인홀딩스
304100,KOSDAQ,솔트룩스
328380,KOSDAQ,솔트웨어
086980,KOSDAQ,쇼박스
050960,KOSDAQ,수산아이앤티
084180,KOSDAQ,수성웹툰
253840,KOSDAQ,수젠텍
298830,KOSDAQ,슈어소프트테크
236200,KOSDAQ,슈프리마
094840,KOSDAQ,슈프리마에이치큐
192440,KOSDAQ,슈피겐코리아
424960,KOSDAQ,스마트레이더시스템
099440,KOSDAQ,스맥
276040,KOSDAQ,스코넥
159910,KOSDAQ,스킨앤스킨
060240,KOSDAQ,스타코링크
115570,KOSDAQ,스타플렉스
330730,KOSDAQ,스톤브릿지벤처스
352090,KOSDAQ,스톰테크
253450,KOSDAQ,스튜디오드래곤
408900,KOSDAQ,스튜디오미르
204630,KOSDAQ,스튜디오산타클로스
415380,KOSDAQ,스튜디오삼익
013810,KOSDAQ,스페코
203690,KOSDAQ,아크솔루션스
049830,KOSDAQ,승일
020710,KOSDAQ,시공테크
033170,KOSDAQ,시그네틱스
048870,KOSDAQ,시너지이노베이션
025320,KOSDAQ,시노펙스
269620,KOSDAQ,시스웍
429270,KOSDAQ,시지트로닉스
418250,KOSDAQ,시큐레터
131090,KOSDAQ,시큐브
232830,KOSDAQ,시큐센
290520,KOSDAQ,신도기연
001000,KOSDAQ,신라섬유
025870,KOSDAQ,신라에스지
215600,KOSDAQ,신라젠
065350,KOSDAQ,신성델타테크
416180,KOSDAQ,신성에스티
162300,KOSDAQ,신스틸
290560,KOSDAQ,신시웨이
002800,KOSDAQ,신신제약
017000,KOSDAQ,신원종합개발
012790,KOSDAQ,신일제약
138070,KOSDAQ,신진에스엠
226330,KOSDAQ,신테카바이오
056700,KOSDAQ,신화인터텍
187270,KOSDAQ,신화콘텍
243840,KOSDAQ,신흥에스이씨
257720,KOSDAQ,실리콘투
222800,KOSDAQ,심텍
036710,KOSDAQ,심텍홀딩스
160980,KOSDAQ,싸이맥스
356890,KOSDAQ,싸이버원
217330,KOSDAQ,싸이토젠
010280,KOSDAQ,쌍용정보통신
208640,KOSDAQ,썸에이지
222420,KOSDAQ,쎄노텍
037760,KOSDAQ,쎄니트
099320,KOSDAQ,쎄트렉아이
049960,KOSDAQ,쎌바이오텍
088280,KOSDAQ,쏘닉스
050890,KOSDAQ,쏠리드
109670,KOSDAQ,씨싸이트
066790,KOSDAQ,씨씨에스
222080,KOSDAQ,씨아이에스
352480,KOSDAQ,씨앤씨인터내셔널
264660,KOSDAQ,씨앤지하이테크
352700,KOSDAQ,씨앤투스
458870,KOSDAQ,씨어스테크놀로지
297090,KOSDAQ,씨에스베어링
900120,KOSDAQ,씨엑스아이
359090,KOSDAQ,씨엔알리서치
115530,KOSDAQ,씨엔플러스
115480,KOSDAQ,씨유메디칼
340810,KOSDAQ,씨유박스
376290,KOSDAQ,씨유테크
189330,KOSDAQ,씨이랩
096530,KOSDAQ,씨젠
101240,KOSDAQ,씨큐브
060590,KOSDAQ,씨티씨바이오
260930,KOSDAQ,씨티케이
052300,KOSDAQ,씨티프라퍼티
413630,KOSDAQ,씨피시스템
013990,KOSDAQ,아가방컴퍼니
123860,KOSDAQ,아나패스
025980,KOSDAQ,아난티
125210,KOSDAQ,아모그린텍
357580,KOSDAQ,아모센스
052710,KOSDAQ,아모텍
074430,KOSDAQ,아미노로직스
092040,KOSDAQ,아미코젠
083930,KOSDAQ,아바코
149950,KOSDAQ,아바텍
036010,KOSDAQ,아비코전자
050860,KOSDAQ,아세아텍
136410,KOSDAQ,아셈스
246720,KOSDAQ,아스타
067390,KOSDAQ,아스트
159010,KOSDAQ,아스플로
127710,KOSDAQ,아시아경제
154030,KOSDAQ,아시아종묘
227610,KOSDAQ,아우딘퓨쳐스
143160,KOSDAQ,아이디스
054800,KOSDAQ,아이디스홀딩스
332370,KOSDAQ,아이디피
339950,KOSDAQ,아이비김영
469750,KOSDAQ,아이비젼웍스
460470,KOSDAQ,아이빔테크놀로지
099190,KOSDAQ,아이센스
461300,KOSDAQ,아이스크림미디어
289010,KOSDAQ,아이스크림에듀
214430,KOSDAQ,아이쓰리시스템
040910,KOSDAQ,아이씨디
368600,KOSDAQ,아이씨에이치
456010,KOSDAQ,아이씨티케이
052860,KOSDAQ,아이앤씨
464500,KOSDAQ,아이언디바이스
038880,KOSDAQ,아이에이
307180,KOSDAQ,아이엘사이언스
101390,KOSDAQ,아이엠
461030,KOSDAQ,아이엠비디엑스
451220,KOSDAQ,아이엠티
090150,KOSDAQ,아이윈
123010,KOSDAQ,아이윈플러스
031310,KOSDAQ,아이즈비전
185490,KOSDAQ,아이진
059100,KOSDAQ,아이컴포넌트
262840,KOSDAQ,아이퀘스트
175250,KOSDAQ,아이큐어
052460,KOSDAQ,아이크래프트
119830,KOSDAQ,아이텍
052770,KOSDAQ,아이톡시
124500,KOSDAQ,아이티센
372800,KOSDAQ,아이티아이즈
084850,KOSDAQ,아이티엠반도체
114840,KOSDAQ,아이패밀리에스씨
027360,KOSDAQ,아주IB투자
032080,KOSDAQ,아즈텍WB
013310,KOSDAQ,아진산업
059120,KOSDAQ,아진엑스텍
158430,KOSDAQ,아톤
321820,KOSDAQ,아티스트유나이티드
001540,KOSDAQ,안국약품
053800,KOSDAQ,안랩
065660,KOSDAQ,안트로젠
297570,KOSDAQ,알로이스
260660,KOSDAQ,알리코제약
354320,KOSDAQ,알멕
361570,KOSDAQ,알비더블유
131370,KOSDAQ,알서포트
140670,KOSDAQ,알에스오토메이션
096610,KOSDAQ,알에프세미
061040,KOSDAQ,알에프텍
148250,KOSDAQ,알엔투테크놀로지
347860,KOSDAQ,알체라
196170,KOSDAQ,알테오젠
123750,KOSDAQ,알톤
085810,KOSDAQ,알티캐스트
043100,KOSDAQ,알파녹스
117670,KOSDAQ,알파홀딩스
314140,KOSDAQ,알피바이오
291650,KOSDAQ,압타머사이언스
293780,KOSDAQ,압타바이오
196300,KOSDAQ,애니젠
310200,KOSDAQ,애니플러스
299910,KOSDAQ,애닉
179530,KOSDAQ,애드바이오텍
900100,KOSDAQ,애머릿지
205500,KOSDAQ,액션스퀘어
052790,KOSDAQ,액토즈소프트
290740,KOSDAQ,액트로
238090,KOSDAQ,앤디포스
092600,KOSDAQ,앤씨앤
129890,KOSDAQ,앱코
174900,KOSDAQ,앱클론
255440,KOSDAQ,야스
030960,KOSDAQ,양지사
102120,KOSDAQ,어보브반도체
263540,KOSDAQ,어스앤에어로스페이스
238120,KOSDAQ,얼라인드
019990,KOSDAQ,에너토크
270660,KOSDAQ,에브리봇
038680,KOSDAQ,에스넷
217480,KOSDAQ,에스디생명공학
121890,KOSDAQ,에스디시스템
304360,KOSDAQ,에스바이오메딕스
389500,KOSDAQ,에스비비테크
042110,KOSDAQ,에스씨디
298060,KOSDAQ,에스씨엠생명과학
065420,KOSDAQ,에스아이리소스
103230,KOSDAQ,에스앤더블류
260970,KOSDAQ,에스앤디
101490,KOSDAQ,에스앤에스텍
095910,KOSDAQ,에스에너지
275630,KOSDAQ,에스에스알
031330,KOSDAQ,에스에이엠티
060540,KOSDAQ,에스에이티
351320,KOSDAQ,에스에이티이엔지
056190,KOSDAQ,에스에프에이
080000,KOSDAQ,에스엔유
214310,KOSDAQ,에스엘에너지
246250,KOSDAQ,에스엘에스바이오
041510,KOSDAQ,에스엠
007820,KOSDAQ,에스엠코어
464080,KOSDAQ,에스오에스랩
109610,KOSDAQ,에스와이
365330,KOSDAQ,에스와이스틸텍
031860,KOSDAQ,에스유홀딩스
306040,KOSDAQ,에스제이그룹
096630,KOSDAQ,에스코넥
069510,KOSDAQ,에스텍
234300,KOSDAQ,에스트래픽
039440,KOSDAQ,에스티아이
098660,KOSDAQ,에스티오
052020,KOSDAQ,에스티큐브
237690,KOSDAQ,에스티팜
050760,KOSDAQ,에스폴리텍
288620,KOSDAQ,에스퓨얼셀
443670,KOSDAQ,에스피소프트
317830,KOSDAQ,에스피시스템스
058610,KOSDAQ,에스피지
043340,KOSDAQ,에쎈테크
054630,KOSDAQ,에이디칩스
200710,KOSDAQ,에이디테크놀로지
096690,KOSDAQ,에이루트
298380,KOSDAQ,에이비엘바이오
203400,KOSDAQ,에이비온
195990,KOSDAQ,에이비프로바이오
003800,KOSDAQ,에이스침대
088800,KOSDAQ,에이스테크
241840,KOSDAQ,에이스토리
453860,KOSDAQ,에이에스텍
312610,KOSDAQ,에이에프더블류
172670,KOSDAQ,에이엘티
445090,KOSDAQ,에이직랜드
295310,KOSDAQ,에이치브이엠
072990,KOSDAQ,에이치시티
239610,KOSDAQ,에이치엘사이언스
148930,KOSDAQ,에이치와이티씨
044780,KOSDAQ,에이치케이
357230,KOSDAQ,에이치피오
355690,KOSDAQ,에이텀
071670,KOSDAQ,에이테크솔루션
045660,KOSDAQ,에이텍
224110,KOSDAQ,에이텍모빌리티
021080,KOSDAQ,에이티넘인베스트
200470,KOSDAQ,에이팩트
262260,KOSDAQ,에이프로
397030,KOSDAQ,에이프릴바이오
230240,KOSDAQ,에치에프알
230360,KOSDAQ,에코마케팅
038870,KOSDAQ,에코바이오
097780,KOSDAQ,에코볼트
448280,KOSDAQ,에코아이
101360,KOSDAQ,에코앤드림
128540,KOSDAQ,에코캡
086520,KOSDAQ,에코프로
247540,KOSDAQ,에코프로비엠
383310,KOSDAQ,에코프로에이치엔
038110,KOSDAQ,에코플라스틱
073540,KOSDAQ,에프알텍
064850,KOSDAQ,에프앤가이드
036810,KOSDAQ,에프에스티
173940,KOSDAQ,에프엔씨엔터
083500,KOSDAQ,에프엔에스테크
054940,KOSDAQ,엑사이엔씨
950130,KOSDAQ,엑세스바이오
373110,KOSDAQ,엑셀세라퓨틱스
205100,KOSDAQ,엑셈
356680,KOSDAQ,엑스게이트
070300,KOSDAQ,엑스큐어
317770,KOSDAQ,엑스페릭스
373200,KOSDAQ,엑스플러스
069920,KOSDAQ,엑시온그룹
092870,KOSDAQ,엑시콘
317870,KOSDAQ,엔바이오니아
067570,KOSDAQ,엔브이에이치코리아
236810,KOSDAQ,엔비티
333620,KOSDAQ,엔시스
101400,KOSDAQ,엔시트론
078860,KOSDAQ,엔에스이엔엠
265740,KOSDAQ,엔에프씨
354200,KOSDAQ,엔젠바이오
455900,KOSDAQ,엔젤로보틱스
419080,KOSDAQ,엔젯
208860,KOSDAQ,엔지스테크널러지
183490,KOSDAQ,엔지켐생명과학
182400,KOSDAQ,엔케이맥스
348370,KOSDAQ,엔켐
069410,KOSDAQ,엔텔스
227950,KOSDAQ,엔투텍
291230,KOSDAQ,엔피
198080,KOSDAQ,엔피디
048830,KOSDAQ,엔피케이
096870,KOSDAQ,엘디티
290650,KOSDAQ,엘앤씨바이오
156100,KOSDAQ,엘앤케이바이오
073110,KOSDAQ,엘엠에스
083310,KOSDAQ,엘오티베큠
037950,KOSDAQ,엘컴텍
170920,KOSDAQ,엘티씨
058630,KOSDAQ,엠게임
058970,KOSDAQ,엠로
019590,KOSDAQ,엠벤처투자
169330,KOSDAQ,엠브레인
373170,KOSDAQ,엠아이큐브솔루션
179290,KOSDAQ,엠아이텍
009780,KOSDAQ,엠에스씨
123040,KOSDAQ,엠에스오토텍
323230,KOSDAQ,엠에프엠코리아
032790,KOSDAQ,엠젠솔루션
033160,KOSDAQ,엠케이전자
347890,KOSDAQ,엠투아이
033310,KOSDAQ,엠투엔
259630,KOSDAQ,엠플러스
105550,KOSDAQ,엣지파운드리
060850,KOSDAQ,영림원소프트랩
143540,KOSDAQ,영우디에스피
036560,KOSDAQ,영풍정밀
265560,KOSDAQ,영화테크
036000,KOSDAQ,예림당
250930,KOSDAQ,예선테크
053280,KOSDAQ,예스24
122640,KOSDAQ,예스티
900300,KOSDAQ,오가닉티코스메틱
045060,KOSDAQ,오공
080520,KOSDAQ,오디텍
039830,KOSDAQ,오로라
322310,KOSDAQ,오로스테크놀로지
046120,KOSDAQ,오르비텍
014940,KOSDAQ,오리엔탈정공
065500,KOSDAQ,오리엔트정공
010470,KOSDAQ,오리콤
417860,KOSDAQ,오브젠
352910,KOSDAQ,오비고
053980,KOSDAQ,오상자이엘
036220,KOSDAQ,오상헬스케어
052420,KOSDAQ,오성첨단소재
039200,KOSDAQ,오스코텍
226400,KOSDAQ,오스테오닉
031510,KOSDAQ,오스템
368970,KOSDAQ,오에스피
138080,KOSDAQ,오이솔루션
080580,KOSDAQ,오킨스전자
067170,KOSDAQ,오텍
353590,KOSDAQ,오토앤
173130,KOSDAQ,오파스넷
440320,KOSDAQ,오픈놀
049480,KOSDAQ,오픈베이스
394280,KOSDAQ,오픈엣지테크놀로지
309930,KOSDAQ,오하임앤컴퍼니
244460,KOSDAQ,올리패스
226950,KOSDAQ,올릭스
057540,KOSDAQ,옴니시스템
131030,KOSDAQ,옵투스제약
082210,KOSDAQ,옵트론텍
109080,KOSDAQ,옵티시스
380540,KOSDAQ,옵티코어
153710,KOSDAQ,옵티팜
432430,KOSDAQ,와이랩
338840,KOSDAQ,와이바이오로직스
122990,KOSDAQ,와이솔
232140,KOSDAQ,와이씨
112290,KOSDAQ,와이씨켐
065530,KOSDAQ,와이어블
067900,KOSDAQ,와이엔텍
007530,KOSDAQ,와이엠
155650,KOSDAQ,와이엠씨
273640,KOSDAQ,와이엠텍
251370,KOSDAQ,와이엠티
066430,KOSDAQ,와이오엠
273060,KOSDAQ,와이즈버즈
019210,KOSDAQ,와이지-원
122870,KOSDAQ,와이지엔터테인먼트
332570,KOSDAQ,와이팜
079000,KOSDAQ,와토스코리아
403490,KOSDAQ,우듬지팜
032820,KOSDAQ,우리기술
041190,KOSDAQ,우리기술투자
115440,KOSDAQ,우리넷
046970,KOSDAQ,우리로
082850,KOSDAQ,우리바이오
215360,KOSDAQ,우리산업
072470,KOSDAQ,우리산업홀딩스
073560,KOSDAQ,우리손에프앤지
037400,KOSDAQ,우리엔터프라이즈
153490,KOSDAQ,우리이앤엘
101170,KOSDAQ,우림피티에스
066590,KOSDAQ,우수AMS
103840,KOSDAQ,우양
046940,KOSDAQ,우원개발
215380,KOSDAQ,우정바이오
065680,KOSDAQ,우주일렉트로
018620,KOSDAQ,우진비앤지
457550,KOSDAQ,우진엔텍
396470,KOSDAQ,워트
307280,KOSDAQ,원바이오젠
032940,KOSDAQ,원익
240810,KOSDAQ,원익IPS
074600,KOSDAQ,원익QnC
104830,KOSDAQ,원익머트리얼즈
014190,KOSDAQ,원익큐브
217820,KOSDAQ,원익피앤이
030530,KOSDAQ,원익홀딩스
012620,KOSDAQ,원일특강
382840,KOSDAQ,원준
336570,KOSDAQ,원텍
376980,KOSDAQ,원티드랩
008370,KOSDAQ,원풍
008290,KOSDAQ,원풍물산
101160,KOSDAQ,월덱스
336060,KOSDAQ,웨이버스
095270,KOSDAQ,웨이브일렉트로
065950,KOSDAQ,웰크론
076080,KOSDAQ,웰크론한텍
043590,KOSDAQ,웰킵스하이텍
196700,KOSDAQ,웹스
069080,KOSDAQ,웹젠
053580,KOSDAQ,웹케시
071460,KOSDAQ,위니아
377460,KOSDAQ,위니아에이드
044340,KOSDAQ,위닉스
330350,KOSDAQ,위더스제약
348350,KOSDAQ,위드텍
112040,KOSDAQ,위메이드
101730,KOSDAQ,위메이드맥스
123420,KOSDAQ,위메이드플레이
065370,KOSDAQ,위세아이텍
038620,KOSDAQ,위즈코프
299900,KOSDAQ,위지윅스튜디오
036090,KOSDAQ,위지트
136540,KOSDAQ,윈스
097800,KOSDAQ,윈팩
192390,KOSDAQ,윈하이텍
335870,KOSDAQ,윙스풋
900340,KOSDAQ,윙입푸드
036200,KOSDAQ,유니셈
018000,KOSDAQ,유니슨
203450,KOSDAQ,유니온커뮤니티
011320,KOSDAQ,유니크
086390,KOSDAQ,유니테스트
241690,KOSDAQ,유니테크노
142210,KOSDAQ,유니트론텍
088340,KOSDAQ,유라클
048430,KOSDAQ,유라테크
206650,KOSDAQ,유바이오로직스
089850,KOSDAQ,유비벨록스
084440,KOSDAQ,유비온
032620,KOSDAQ,유비케어
264450,KOSDAQ,유비쿼스
078070,KOSDAQ,유비쿼스홀딩스
024800,KOSDAQ,유성티엔에스
054930,KOSDAQ,유신
069330,KOSDAQ,유아이디
049520,KOSDAQ,유아이엘
263770,KOSDAQ,유에스티
388720,KOSDAQ,유일로보틱스
340930,KOSDAQ,유일에너테크
023410,KOSDAQ,유진기업
056080,KOSDAQ,유진로봇
084370,KOSDAQ,유진테크
240600,KOSDAQ,유진테크놀로지
221800,KOSDAQ,유투바이오
179900,KOSDAQ,유티아이
263050,KOSDAQ,유틸렉스
191410,KOSDAQ,육일씨엔에쓰
372170,KOSDAQ,윤성에프앤씨
146060,KOSDAQ,율촌
072770,KOSDAQ,율호
039020,KOSDAQ,이건홀딩스
067920,KOSDAQ,이글루
044960,KOSDAQ,이글벳
303530,KOSDAQ,이노뎁
296640,KOSDAQ,이노룰스
302430,KOSDAQ,이노메트리
462350,KOSDAQ,이노스페이스
274400,KOSDAQ,이노시뮬레이션
056090,KOSDAQ,이노시스
073490,KOSDAQ,이노와이어리스
215790,KOSDAQ,이노인스트루먼트
344860,KOSDAQ,이노진
088390,KOSDAQ,이녹스
272290,KOSDAQ,이녹스첨단소재
053350,KOSDAQ,이니텍
452400,KOSDAQ,이닉스
264850,KOSDAQ,이랜시스
054210,KOSDAQ,이랜텍
009730,KOSDAQ,이렘
164060,KOSDAQ,이루다
065440,KOSDAQ,이루온
115610,KOSDAQ,이미지스
131400,KOSDAQ,이브이첨단소재
351330,KOSDAQ,이삭엔지니어링
080010,KOSDAQ,이상네트웍스
086890,KOSDAQ,이수앱지스
047560,KOSDAQ,이스트소프트
900110,KOSDAQ,이스트아시아홀딩스
239340,KOSDAQ,이스트에이드
067010,KOSDAQ,이씨에스
418620,KOSDAQ,이에이트
456070,KOSDAQ,이엔셀
102710,KOSDAQ,이엔에프테크놀로지
041520,KOSDAQ,이엘씨
063760,KOSDAQ,이엘피
123570,KOSDAQ,이엠넷
083470,KOSDAQ,이엠앤아이
095190,KOSDAQ,이엠코리아
091120,KOSDAQ,이엠텍
039030,KOSDAQ,이오테크닉스
294090,KOSDAQ,이오플로우
088290,KOSDAQ,이원컴포텍
353810,KOSDAQ,이지바이오
099750,KOSDAQ,이지케어텍
377330,KOSDAQ,이지트로닉스
035810,KOSDAQ,이지홀딩스
160600,KOSDAQ,이큐셀
092130,KOSDAQ,이크레더블
096040,KOSDAQ,이트론
134060,KOSDAQ,이퓨쳐
001840,KOSDAQ,이화공영
024810,KOSDAQ,이화전기
041830,KOSDAQ,인바디
352940,KOSDAQ,인바이오
079950,KOSDAQ,인베니아
389470,KOSDAQ,인벤티지랩
277410,KOSDAQ,인산가
060150,KOSDAQ,인선이엔티
033230,KOSDAQ,인성정보
450520,KOSDAQ,인스웨이브시스템즈
037330,KOSDAQ,인지디스플레
100030,KOSDAQ,인지소프트
211050,KOSDAQ,인카금융서비스
083640,KOSDAQ,인콘
064090,KOSDAQ,인크레더블버즈
216050,KOSDAQ,인크로스
049070,KOSDAQ,인탑스
119610,KOSDAQ,인터로조
017250,KOSDAQ,인터엠
051370,KOSDAQ,인터플렉스
064290,KOSDAQ,인텍플러스
189300,KOSDAQ,인텔리안테크
150840,KOSDAQ,인트로메딕
048530,KOSDAQ,인트론바이오
115310,KOSDAQ,인포바인
039290,KOSDAQ,인포뱅크
071200,KOSDAQ,인피니트헬스케어
101930,KOSDAQ,인화정공
333430,KOSDAQ,일승
068330,KOSDAQ,일신바이오
178780,KOSDAQ,일월지엠엘
019540,KOSDAQ,일지테크
094820,KOSDAQ,일진파워
950140,KOSDAQ,잉글우드랩
049550,KOSDAQ,잉크테크
389020,KOSDAQ,자람테크놀로지
254120,KOSDAQ,자비스
043910,KOSDAQ,자연과환경
234920,KOSDAQ,자이글
289220,KOSDAQ,자이언트스텝
174880,KOSDAQ,장원테크
049630,KOSDAQ,재영솔루텍
417840,KOSDAQ,저스템
110020,KOSDAQ,전진바이오팜
208140,KOSDAQ,정다운
040420,KOSDAQ,정상제이엘에스
045510,KOSDAQ,정원엔시스
217190,KOSDAQ,제너셈
095700,KOSDAQ,제넥신
072520,KOSDAQ,제넨바이오
122310,KOSDAQ,제노레이
361390,KOSDAQ,제노코
187420,KOSDAQ,제노포커스
225220,KOSDAQ,제놀루션
123330,KOSDAQ,제닉
381620,KOSDAQ,제닉스
159580,KOSDAQ,제로투세븐
147830,KOSDAQ,제룡산업
033100,KOSDAQ,제룡전기
079370,KOSDAQ,제우스
054950,KOSDAQ,제이브이엠
023440,KOSDAQ,제이스코홀딩스
090470,KOSDAQ,제이스텍
287410,KOSDAQ,제이시스메디칼
137950,KOSDAQ,제이씨케미칼
033320,KOSDAQ,제이씨현시스템
417500,KOSDAQ,제이아이테크
204270,KOSDAQ,제이앤티씨
026040,KOSDAQ,제이에스티나
452160,KOSDAQ,제이엔비
126880,KOSDAQ,제이엔케이글로벌
322510,KOSDAQ,제이엘케이
033050,KOSDAQ,제이엠아이
094970,KOSDAQ,제이엠티
418550,KOSDAQ,제이오
420570,KOSDAQ,제이투케이바이오
089790,KOSDAQ,제이티
052670,KOSDAQ,제일바이오
412540,KOSDAQ,제일엠앤에스
199820,KOSDAQ,제일일렉트릭
038010,KOSDAQ,제일테크노스
276730,KOSDAQ,제주맥주
080220,KOSDAQ,제주반도체
216080,KOSDAQ,제테마
229000,KOSDAQ,젠큐릭스
082270,KOSDAQ,젬백스
044060,KOSDAQ,조광ILI
034940,KOSDAQ,조아제약
067000,KOSDAQ,조이시티
033340,KOSDAQ,좋은사람들
036930,KOSDAQ,주성엔지니어링
072020,KOSDAQ,중앙백신
000440,KOSDAQ,중앙에너비스
051980,KOSDAQ,중앙첨단소재
228760,KOSDAQ,지노믹트리
314130,KOSDAQ,지놈앤컴퍼니
389030,KOSDAQ,지니너스
043610,KOSDAQ,지니뮤직
263860,KOSDAQ,지니언스
303030,KOSDAQ,지니틱스
036180,KOSDAQ,지더블유바이텍
208350,KOSDAQ,지란지교시큐리티
144510,KOSDAQ,지씨셀
358570,KOSDAQ,지아이이노베이션
382480,KOSDAQ,지아이텍
382800,KOSDAQ,지앤비에스 에코
051160,KOSDAQ,지어소프트
053050,KOSDAQ,지에스이
119850,KOSDAQ,지엔씨에너지
065060,KOSDAQ,지엔코
204840,KOSDAQ,지엘팜텍
270520,KOSDAQ,지오릿에너지
311320,KOSDAQ,지오엘리먼트
388050,KOSDAQ,지투파워
018120,KOSDAQ,진로발효
109820,KOSDAQ,진매트릭스
086060,KOSDAQ,진바이오텍
036890,KOSDAQ,진성티이씨
363250,KOSDAQ,진시스템
007370,KOSDAQ,진양제약
285800,KOSDAQ,진영
085660,KOSDAQ,차바이오텍
261780,KOSDAQ,차백신연구소
351870,KOSDAQ,차이커뮤니케이션
094850,KOSDAQ,참좋은여행
004650,KOSDAQ,창해에탄올
278280,KOSDAQ,천보
362320,KOSDAQ,청담글로벌
066360,KOSDAQ,체리부로
047820,KOSDAQ,초록뱀미디어
094360,KOSDAQ,칩스앤미디어
016920,KOSDAQ,카스
284620,KOSDAQ,카이노스메드
293490,KOSDAQ,카카오게임즈
140430,KOSDAQ,카티스
042000,KOSDAQ,카페24
313760,KOSDAQ,캐리
317530,KOSDAQ,캐리소프트
071850,KOSDAQ,캐스텍코리아
050110,KOSDAQ,캠시스
452300,KOSDAQ,캡스톤파트너스
451760,KOSDAQ,컨텍
900310,KOSDAQ,컬러레이
078340,KOSDAQ,컴투스
063080,KOSDAQ,컴투스홀딩스
307930,KOSDAQ,컴퍼니케이
079190,KOSDAQ,케스피온
263700,KOSDAQ,케어랩스
214370,KOSDAQ,케어젠
221980,KOSDAQ,케이디켐
038530,KOSDAQ,케이바이오
192250,KOSDAQ,케이사인
431190,KOSDAQ,케이쓰리아이
115500,KOSDAQ,케이씨에스
089150,KOSDAQ,케이씨티
025880,KOSDAQ,케이씨피드
093320,KOSDAQ,케이아이엔엑스
093640,KOSDAQ,케이알엠
073010,KOSDAQ,케이에스피
105330,KOSDAQ,케이엔더블유
053080,KOSDAQ,케이엔솔
199430,KOSDAQ,케이엔알시스템
432470,KOSDAQ,케이엔에스
272110,KOSDAQ,케이엔제이
039420,KOSDAQ,케이엘넷
083550,KOSDAQ,케이엠
032500,KOSDAQ,케이엠더블유
225430,KOSDAQ,케이엠제약
102370,KOSDAQ,케이옥션
068100,KOSDAQ,케이웨더
036030,KOSDAQ,케이티알파
064820,KOSDAQ,케이프
256940,KOSDAQ,케이피에스
024880,KOSDAQ,케이피에프
042040,KOSDAQ,케이피엠테크
054410,KOSDAQ,케이피티유
258610,KOSDAQ,케일럼
274090,KOSDAQ,켄코아에어로스페이스
089010,KOSDAQ,켐트로닉스
220260,KOSDAQ,켐트로스
052400,KOSDAQ,코나아이
402030,KOSDAQ,코난테크놀로지
391710,KOSDAQ,코닉오토메이션
046070,KOSDAQ,코다코
047770,KOSDAQ,코데즈컴바인
080530,KOSDAQ,코디
104540,KOSDAQ,코렌텍
027050,KOSDAQ,코리아나
190650,KOSDAQ,코리아에셋투자증권
123410,KOSDAQ,코리아에프티
036690,KOSDAQ,코맥스
049430,KOSDAQ,코메론
183300,KOSDAQ,코미코
041960,KOSDAQ,코미팜
089890,KOSDAQ,코세스
360350,KOSDAQ,코셈
082660,KOSDAQ,코스나인
222040,KOSDAQ,코스맥스엔비티
241710,KOSDAQ,코스메카코리아
355150,KOSDAQ,코스텍시스
166480,KOSDAQ,코아스템켐온
045970,KOSDAQ,코아시아
196450,KOSDAQ,코아시아씨엠
384470,KOSDAQ,코어라인소프트
029960,KOSDAQ,코엔텍
102940,KOSDAQ,코오롱생명과학
950160,KOSDAQ,코오롱티슈진
033290,KOSDAQ,코웰패션
056360,KOSDAQ,코위버
282880,KOSDAQ,코윈테크
121850,KOSDAQ,코이즈
448710,KOSDAQ,코츠테크놀로지
126730,KOSDAQ,코칩
015710,KOSDAQ,코콤
052330,KOSDAQ,코텍
322780,KOSDAQ,코퍼스코리아
200130,KOSDAQ,콜마비앤에이치
294570,KOSDAQ,쿠콘
317690,KOSDAQ,퀀타매트릭스
078940,KOSDAQ,퀀타피아
227100,KOSDAQ,퀀텀온
432720,KOSDAQ,퀄리타스반도체
365270,KOSDAQ,큐라클
348080,KOSDAQ,큐라티스
060280,KOSDAQ,큐렉소
372320,KOSDAQ,큐로셀
051780,KOSDAQ,큐로홀딩스
115180,KOSDAQ,큐리언트
445680,KOSDAQ,큐리옥스바이오시스템즈
182360,KOSDAQ,큐브엔터
405100,KOSDAQ,큐알티
066310,KOSDAQ,큐에스아이
016600,KOSDAQ,큐캐피탈
355390,KOSDAQ,크라우드웍스
096240,KOSDAQ,크레버스
040350,KOSDAQ,크레오에스지
110790,KOSDAQ,크리스에프앤씨
900250,KOSDAQ,크리스탈신소재
045520,KOSDAQ,크린앤사이언스
036170,KOSDAQ,클라우드에어
214150,KOSDAQ,클래시스
352770,KOSDAQ,클리노믹스
237880,KOSDAQ,클리오
139670,KOSDAQ,키네마스터
054780,KOSDAQ,키이스트
219130,KOSDAQ,타이거일렉
360070,KOSDAQ,탑머티리얼
065130,KOSDAQ,탑엔지니어링
134580,KOSDAQ,탑코미디어
023160,KOSDAQ,태광
323280,KOSDAQ,태성
053620,KOSDAQ,태양
044490,KOSDAQ,태웅
124560,KOSDAQ,태웅로직스
191420,KOSDAQ,테고사이언스
073640,KOSDAQ,테라사이언스
066700,KOSDAQ,테라젠이텍스
095610,KOSDAQ,테스
064520,KOSDAQ,테크엘
089030,KOSDAQ,테크윙
054450,KOSDAQ,텔레칩스
200230,KOSDAQ,텔콘RF제약
393210,KOSDAQ,토마토시스템
215480,KOSDAQ,토박스코리아
051360,KOSDAQ,토비스
045340,KOSDAQ,토탈소프트
108230,KOSDAQ,톱텍
079970,KOSDAQ,투비소프트
199800,KOSDAQ,툴젠
417790,KOSDAQ,트루엔
290090,KOSDAQ,트윔
026150,KOSDAQ,특수건설
464280,KOSDAQ,티디에스팜
322180,KOSDAQ,티라유텍
117730,KOSDAQ,티로보틱스
033830,KOSDAQ,티비씨
057680,KOSDAQ,티사이언티픽
204610,KOSDAQ,티쓰리
064760,KOSDAQ,티씨케이
246710,KOSDAQ,티앤알바이오팹
340570,KOSDAQ,티앤엘
043220,KOSDAQ,티에스넥스젠
277880,KOSDAQ,티에스아이
131290,KOSDAQ,티에스이
425420,KOSDAQ,티에프이
131100,KOSDAQ,티엔엔터테인먼트
356860,KOSDAQ,티엘비
062860,KOSDAQ,티엘아이
321550,KOSDAQ,티움바이오
425040,KOSDAQ,티이엠씨
241790,KOSDAQ,티이엠씨씨엔에스
104480,KOSDAQ,티케이케미칼
081150,KOSDAQ,티플랙스
130740,KOSDAQ,티피씨글로벌
084730,KOSDAQ,팅크웨어
440110,KOSDAQ,파두
033540,KOSDAQ,파라텍
388870,KOSDAQ,파로스아이바이오
043200,KOSDAQ,파루
214450,KOSDAQ,파마리서치
208340,KOSDAQ,파멥신
177830,KOSDAQ,파버나인
037070,KOSDAQ,파세코
150900,KOSDAQ,파수
037030,KOSDAQ,파워넷
047310,KOSDAQ,파워로직스
368770,KOSDAQ,파이버프로
170790,KOSDAQ,파이오링크
049120,KOSDAQ,파인디앤씨
038950,KOSDAQ,파인디지털
441270,KOSDAQ,파인엠텍
106240,KOSDAQ,파인테크닉스
131760,KOSDAQ,파인텍
065690,KOSDAQ,파커스
140860,KOSDAQ,파크시스템스
091700,KOSDAQ,파트론
032800,KOSDAQ,판타지오
318010,KOSDAQ,팜스빌
027710,KOSDAQ,팜스토리
225590,KOSDAQ,패션플랫폼
054300,KOSDAQ,팬스타엔터프라이즈
068050,KOSDAQ,팬엔터테인먼트
222110,KOSDAQ,팬젠
271830,KOSDAQ,팸텍
263750,KOSDAQ,펄어비스
251970,KOSDAQ,펌텍코리아
168360,KOSDAQ,펨트론
087010,KOSDAQ,펩트론
064800,KOSDAQ,포니링크
119500,KOSDAQ,포메탈
389140,KOSDAQ,포바이포
105760,KOSDAQ,포스뱅크
009520,KOSDAQ,포스코엠텍
189690,KOSDAQ,포시에스
318020,KOSDAQ,포인트모바일
256630,KOSDAQ,포인트엔지니어링
331380,KOSDAQ,포커스에이치엔에스
472850,KOSDAQ,폰드그룹
039980,KOSDAQ,폴라리스AI
041910,KOSDAQ,폴라리스AI파마
234100,KOSDAQ,폴라리스세원
041020,KOSDAQ,폴라리스오피스
114630,KOSDAQ,폴라리스우노
290720,KOSDAQ,푸드나무
005670,KOSDAQ,푸드웰
094940,KOSDAQ,푸른기술
057880,KOSDAQ,푸른소나무
007330,KOSDAQ,푸른저축은행
093380,KOSDAQ,풍강
023900,KOSDAQ,풍국주정
371950,KOSDAQ,풍원정밀
370090,KOSDAQ,퓨런티어
445180,KOSDAQ,퓨릿
151910,KOSDAQ,퓨처코어
220100,KOSDAQ,퓨쳐켐
035200,KOSDAQ,프럼파스트
334970,KOSDAQ,프레스티지바이오로직스
321260,KOSDAQ,프로이천
053610,KOSDAQ,프로텍
303360,KOSDAQ,프로티아
377220,KOSDAQ,프롬바이오
335810,KOSDAQ,프리시젼바이오
053160,KOSDAQ,프리엠스
405000,KOSDAQ,플라즈맵
041590,KOSDAQ,플래스크
367000,KOSDAQ,플래티어
075130,KOSDAQ,플랜티넷
237820,KOSDAQ,플레이디
023770,KOSDAQ,플레이위드
019570,KOSDAQ,플루토스
300080,KOSDAQ,플리토
033790,KOSDAQ,피노
032580,KOSDAQ,피델릭스
051380,KOSDAQ,피씨디렉트
241820,KOSDAQ,피씨엘
237750,KOSDAQ,피앤씨테크
460940,KOSDAQ,피앤에스미캐닉스
319660,KOSDAQ,피에스케이
031980,KOSDAQ,피에스케이홀딩스
002230,KOSDAQ,피에스텍
043370,KOSDAQ,피에이치에이
239890,KOSDAQ,피엔에이치테크
347740,KOSDAQ,피엔케이피부임상연구센타
137400,KOSDAQ,피엔티
257370,KOSDAQ,피엔티엠에스
147760,KOSDAQ,피엠티
128660,KOSDAQ,피제이메탈
006140,KOSDAQ,피제이전자
376180,KOSDAQ,피코그램
304840,KOSDAQ,피플바이오
062970,KOSDAQ,한국첨단소재
087600,KOSDAQ,픽셀플러스
291810,KOSDAQ,핀텔
378340,KOSDAQ,필에너지
161580,KOSDAQ,필옵틱스
347770,KOSDAQ,핌스
163730,KOSDAQ,핑거
417180,KOSDAQ,핑거스토리
299030,KOSDAQ,하나기술
067310,KOSDAQ,하나마이크론
166090,KOSDAQ,하나머티리얼즈
136480,KOSDAQ,하림
003380,KOSDAQ,하림지주
450330,KOSDAQ,하스
101670,KOSDAQ,하이드로리튬
365590,KOSDAQ,하이딥
149980,KOSDAQ,하이로닉
013030,KOSDAQ,하이록코리아
126700,KOSDAQ,하이비젼시스템
106080,KOSDAQ,하이소닉
160190,KOSDAQ,하이젠알앤엠
221840,KOSDAQ,하이즈항공
106190,KOSDAQ,하이텍팜
065650,KOSDAQ,하이퍼코퍼레이션
066130,KOSDAQ,하츠
004590,KOSDAQ,한국가구
039340,KOSDAQ,한국경제TV
034950,KOSDAQ,한국기업평가
222980,KOSDAQ,한국맥널티
256840,KOSDAQ,한국비엔씨
219750,KOSDAQ,한국비티비
025550,KOSDAQ,한국선재
017890,KOSDAQ,한국알콜
080720,KOSDAQ,한국유니온제약
063570,KOSDAQ,한국전자금융
041460,KOSDAQ,한국전자인증
101680,KOSDAQ,한국정밀기계
039740,KOSDAQ,한국정보공학
053300,KOSDAQ,한국정보인증
025770,KOSDAQ,한국정보통신
023760,KOSDAQ,한국캐피탈
054040,KOSDAQ,한국컴퓨터
021650,KOSDAQ,한국큐빅
032300,KOSDAQ,한국파마
037230,KOSDAQ,한국팩키지
030520,KOSDAQ,한글과컴퓨터
052600,KOSDAQ,한네트
256150,KOSDAQ,한독크린텍
092460,KOSDAQ,한라IMS
452190,KOSDAQ,한빛레이저
047080,KOSDAQ,한빛소프트
452280,KOSDAQ,한선엔지니어링
066980,KOSDAQ,한성크린텍
114810,KOSDAQ,한솔아이원스
070590,KOSDAQ,한솔인티큐브
226440,KOSDAQ,한송네오텍
042520,KOSDAQ,한스바이오메드
430690,KOSDAQ,한싹
078350,KOSDAQ,한양디지텍
045100,KOSDAQ,한양이엔지
320000,KOSDAQ,한울반도체
091440,KOSDAQ,한울소재과학
024740,KOSDAQ,한일단조
005860,KOSDAQ,한일사료
007770,KOSDAQ,한일화학
198940,KOSDAQ,한주라이트메탈
058450,KOSDAQ,한주에이알티
107640,KOSDAQ,한중엔시에스
079170,KOSDAQ,한창산업
054920,KOSDAQ,한컴위드
002680,KOSDAQ,한탑
034810,KOSDAQ,해성산업
03481K,KOSDAQ,해성산업1우
059270,KOSDAQ,해성에어로보틱스
076610,KOSDAQ,해성옵틱스
220180,KOSDAQ,핸디소프트
900270,KOSDAQ,헝셩그룹
214180,KOSDAQ,헥토이노베이션
234340,KOSDAQ,헥토파이낸셜
084990,KOSDAQ,헬릭스미스
187660,KOSDAQ,현대ADM
170030,KOSDAQ,현대공업
319400,KOSDAQ,현대무벡스
048410,KOSDAQ,현대바이오
052260,KOSDAQ,현대바이오랜드
016790,KOSDAQ,현대사료
041440,KOSDAQ,현대에버다임
039010,KOSDAQ,현대에이치티
090850,KOSDAQ,현대이지웰
460930,KOSDAQ,현대힘스
092300,KOSDAQ,현우산업
138360,KOSDAQ,협진
011080,KOSDAQ,형지I&C
060560,KOSDAQ,홈센타홀딩스
064240,KOSDAQ,홈캐스트
039610,KOSDAQ,화성밸브
126640,KOSDAQ,화신정공
127980,KOSDAQ,화인써키트
061250,KOSDAQ,화일약품
097870,KOSDAQ,효성오앤비
290270,KOSDAQ,휴네시온
353190,KOSDAQ,휴럼
192410,KOSDAQ,휴림네트웍스
090710,KOSDAQ,휴림로봇
078590,KOSDAQ,휴림에이텍
205470,KOSDAQ,휴마시스
115160,KOSDAQ,휴맥스
028080,KOSDAQ,휴맥스홀딩스
175140,KOSDAQ,휴먼테크놀로지
200670,KOSDAQ,휴메딕스
065510,KOSDAQ,휴비츠
215090,KOSDAQ,휴센텍
263920,KOSDAQ,휴엠앤씨
243070,KOSDAQ,휴온스
084110,KOSDAQ,휴온스글로벌
145020,KOSDAQ,휴젤
024060,KOSDAQ,흥구석유
010240,KOSDAQ,흥국
189980,KOSDAQ,흥국에프엔비
037440,KOSDAQ,희림
238490,KOSDAQ,힘스
